System Key,System Name,Solution,Vendor,Application Type,Technology,System Role,Tribe,Is NonTarget System,Status,Criticality Level,Description Geo,Description Eng,Business Domains
1,Analitica,,TBC Solutions,Win App,Delphi,Reporting,Ent Serv,Yes,Active,Normal,"წარმოადგენს ბალანსების ან შემოსავლების რეპორტების სისტემას. მონაცემები დაყოფილია სტრიქონებად.  თითოეული ”სტრიქონი” არის ფუნქციონალურად განსაზღვრული ერთეული, (მაგალითად იურიდიული პირების საპროცენტო შემოსავალი ბარათებიდან). ეს სტრიქონები სხვადასხვა დონეზეა","The system of balance or revenue reports. The data is divided into rows. Each ""row"" is functionally defined unit (for example, interest income collected from legal entities). These strings are different levels.",DW & Analytics
2,ApplicantForm,,TBC Solutions,Web App,.Net,,Ent Serv,Yes,Cancelled,,ვაკანსიის ელექტრონული სააპლიკაციო ფორმის შესავსები და staff-ში განაცხადის აღსარიცხავი მოდული,Electronic application forms for vacancies,HRM
3,AzRy Terminals(SSTS),SSTS,AzRy,App,Java,Front,Payments,No,Active,Key,ტერმინალების მართვის სისტემა,Terminlals Management system,Self Service Channels
4,AzRy Terminals Middleware,SSTS,TBC Solutions,App,.Net,Adapter,Payments,Yes,Active,Key,AzRy Terminals-ისთვის ინფორმაციის მიმწოდებელი და ოპერაციების დამამუშავებელი სერვისები,TBC Middleware services for AzRy Terminals. Provides information and processes operations,Integration
5,B6,B6,Alta Software,Win App,Delphi,Master,Platform Systems,No,Active,Critical,ძირითადი ოპერაციების სისტემა,Core banking system,"CASA||Term Deposits||Debit Cards||Payments (FT, Bill Payments, Remittances)||Branch FEs (Call Centre, Branch, Back Office)||GL & ERP||CIF"
6,Bitum,,TBC Solutions,Win App,Delphi,Master||Front,MSME,Yes,Active,Normal,საბითუმო ლომბარდის მოდული,Wholesale Lombard,"Loans||Branch FEs (Call Centre, Branch, Back Office)"
7,Business support,,ZOHO,Win App,N/A,Master,,No,Active,Normal,პროგრამული და პროცედურული ხარვეზების რეგისტრაციის მოდული,Business support module (site),Others
8,C2011,B6,Alta Software,Win App,Delphi,Master,Platform Systems,No,Active,Key,პლასტიკური ბარათების მართვის მოდული,Plastic Cards Management Module,"Debit Cards||Credit Cards||Branch FEs (Call Centre, Branch, Back Office)"
9,C2012 (Cardstran),B6,Alta Software,Win App,Delphi,Master,Platform Systems,No,Active,Key,პლასტიკური ბარათებით შესრულებული ოპერაციების ასახვა Core-ში,Reflection of operations performed by plastic cards in Core system,Card Payments
10,CandidatePortal,,Asseco,Web App,.Net,Master,Ent Serv,No,Active,Normal,მიმდინარე ვაკანსიების ვებ-გვერდი (სააპლიკაციო ფორმის შევსებუის შესაძლებლობით),Current vacancies web-site,HRM
11,Car Booking System,,TBC Solutions,Web App,.Net,Master,Ent Serv,No,Active,Normal,TBC-ის მანქანების დაჯავშნის სისტემა,Vehicle Booking System,Others
12,Civil Registry (CRA),B6,Alta Software,Web Service,.Net,Adapter,Platform Systems,No,Active,Key,გამოიყენება სამოქალაქო რეესტრიდან კლიენტის პირადი მონაცემების მისაღებად,Gets information about individual customer from civil registry,Government & Regulatory||CIF
13,"Clearing (GPSS, Import / Export)",B6,Alta Software,Win Service,Delphi,Adapter,Platform Systems,No,Active,Key,ეროვნულთან გადარიცხვების გაცვლა,Transfers exchange with NBG,"Payments (FT, Bill Payments, Remittances)"
14,Collection Module,,CreditInfo,Web App,.Net,Master,Risks,Yes,Active,Normal,"ვადაგადაცილებული სესხების მართვის მოდული, კლიენტებთან დასაკავშიერებლად.","Module for connecting clients, that have overdue loans.",Loans||Credit Cards
15,Contact,,Contact,Win App,N/A,Master||Front,Retail Business,No,Active,Normal,ფულადი გზავნილების მოდული,Contact transfers module (fast payments),"Payments (FT, Bill Payments, Remittances)||Branch FEs (Call Centre, Branch, Back Office)"
16,CreditInfo,,Alta Software,Win App,.Net,Adapter,Retail Business,No,Active,Normal,საკრედიტო ბიუროსთან ონფორმაციის გაცვლის სისტემა. მომხმარებელი საკრედიტო ბიუროში აგზავნის კლიენტებზე და მათ დავალიანებებზე მონაცემებს,"System for exchanging of information with Credit Bureau. Web site, from where users marks and sends loans, which should be send to CreditInfo Bureau",Credit Product Origination
17,CRM,,CGI_Oracle,Web App,CRM,Master||Front,Ent Serv,No,Active,Key,CRM,Ongoing startegic implementation of Sibel CRM,"Branch FEs (Call Centre, Branch, Back Office)||CRM (Customer Relationship, Offering, Sales)"
18,Customer Protection,,TBC Solutions,Win App,.Net,Master,Payments,Yes,Active,Key,"ეროვნული ბანკის ბრძანების თანახმად ბანკი ვალდებულია კლიენტს მიაწოდოს ინფორმაცია საბოლოო ჯამური სარგებლისა და გადასახადის შესახებ, ყველა პროცენტული და საკომისიო გადასახადის გათვალისწინებით. ეს აპპ უზრუნველყოფს საბოლოო ჯამური სარგებლის დადგენას ყველა პროდ","According to the National Bank, the bank is obliged to provide clients with information about the active interest and tax, all tax and fee percentage. This application provides the ultimate determination of total benefits to all items",Debit Cards
19,DecisionMaker,,CreditInfo,Web App,.Net,Master||Mediator||Front,Retail Business,Yes,Active,Normal,სესხის განაცხადების დამუშავების სისტემა,Loan applications processing system,Credit Product Origination
20,DevelopmentNotificationsService,,TBC Solutions,Win Service,.Net,Master,Dev CA,No,Active,Normal,თუ პროგრამული კოდი არის check out-ზე დღის ბოლოს აგზავნის მეილს,"If source code is checked out, it sends mail at the end of the day",Others
21,DM_DAL,,TBC Solutions,DB App,SQL,Adapter,Retail Business,Yes,Active,Normal,იყენებს დისიჟენ მეიკერი კლიენტის სესხების შესახებ ინფორმაციის მისაღებად,Being used by Decesion Maker to get information about client's loans/debts,Credit Product Origination
22,DMReporting,,TBC Solutions,Win Service,.Net,Reporting,Retail Business,Yes,Active,Normal,"შედგება ორი ნაწილისგან:
1. XmlRetriever (Windows Service): Decision Maker-ის ონლაინ სისტემიდან xml დოკუმენტებს მოაქვს და ინახავს მონაცემთა ბაზაში
2. XmlParser (Windows Service): მონაცემთა ბაზაში არსებული xml დოკუმენტების შიგთავსი გადააქვს SQL ცხრილებში","Consists of two parts: 
1. XmlRetriever (Windows Service): Takes XML from DM and saves in DB for reporting
2. XmlParser (Windows Service): Parses XMLs taken from DM for reporting
",Credit Product Origination
23,DocsReport,,TBC Solutions,Win App,Delphi,Reporting,Ent Serv,Yes,Active,Normal,საეჭვო ოპერაციების იდენტიფიკაციის მოდული. გამოიყენება ეროვნულ ბანკში საეჭვო ოპერაციების შესახებ ინფორმაციის გასაგზავნად,Module to identify suspicious transactions. It is used for sending information of suspicious transactions to National Bank of Georgia.,Compliance
24,DW,,TBC Solutions,DB App,SQL / Reporting,Reporting,Platforms,No,Active,Normal,მონაცემთა საცავი (data warehouse),Data warehouse,DW & Analytics
25,EmplosaurusService,,Asseco,Win Service,.Net,Master,Ent Serv,Yes,Active,Normal,"აგზავნის მეილებს, არის რეკრუიტმენტის ნაწილი",Sends Mails for Recruitment,HRM
26,FilialsInfo,,TBC Solutions,Win App,.Net,Master,Ent Serv,Yes,Active,Normal,"მომხმარებლის მიერ თანამშრომლის პოზიციების მონიშვნით, მათი ელფოსტის მისამართები ავტომატურად იწერება Microsoft Outlook-ის ახალი მეილის TO ველში.","User marks employee's positions by branches and their addresses are automatically copied into Microsoft Outlook new mail ""TO"" field.",HRM
27,Fixed Assets,,TBC Solutions,Win App,Delphi,Master,Ent Serv,Yes,Active,Normal,ინვენტარის და ფიქსირებული აქტივების აღრიცხვა,Inventory and fixed assets accounting system,GL & ERP
28,FMS,,TBC Solutions,Win App,.Net,Adapter,Ent Serv,No,Active,Normal,DocsReport-იდან აკეთებს საეჭვო ტრანზაქციების ანგარიშგებების იმპორტს (აგრეთვე შესაძლებელია მოდულში ახლის დარეგისტირებაც) და მონაცემებს აგზავნის ფინანსური მონიტორინგის სამსახურში,Imports reports of suspicious transactions from DocsReport system and sends data to FMS (Financial Monitoring Service of Georgia),Compliance
29,FXRates,,TBC Solutions,Win App,.Net,Master,Ent Serv,No,Active,Normal,"კურსების კვოტირების მოდული. ვალუტის საბაზრო კურსს იღებს ბლუმბერგიდან, თვლის კომერციულ კურსს, ალოგირებს და ასახავს B2000-ში.","Courses quoting module. Gets currency's market rate from Bloomberg, calculates the commercial rate, logs and writes in B2000.",Treasury
30,FXRatesService,,TBC Solutions,Web Service,.Net,Adapter,Ent Serv,No,Active,Normal,"კურსების (ტოპ კომერციული, კომერციული, ვიპ კომერციული, ფორვარდული კურსები) გაგების სერვისი","Service for getting rates (Top comercial, Vip comercial, Forward rates)",Treasury
31,HRGoals,,TBC Solutions,Web App,.Net,Master,Ent Serv,Yes,Active,Normal,სათაოს თანამშრომლების შეფასების აღრიცხვის სისტემა,Head office employees evaluating system.,HRM
32,IDProgram,,TBC Solutions,Web App,.Net,Master,Ent Serv,Yes,Active,Normal,სამუშაო საათების აღრიცხვის მოდული განვადების მენეჯერებისთვის,Module for instalment managers to accout daily their working ours.,Credit Product Origination||HRM
33,IDManager,,TBC Solutions,Win App,.Net,Master,Ent Serv,Yes,Active,Normal,IDProgram-ის მენეჯმენტ სისტემა,Management system for IDProgram,Credit Product Origination||HRM
34,IFRS and BASEL Reporting,,TBC Solutions,DB App,SQL,Reporting,Ent Serv,No,Active,Normal,"IFRS და  BASEL რეპორტები, DW-ს ნაწილი, BASEL-ს აქვს სამომხმარებლო ინტერფეისები (აპლიკაციაა)",IFRS and BASEL Reports,DW & Analytics
35,InsurancePolices,,TBC Solutions,Win App,.Net,,Ent Serv,No,Cancelled,,"სადაზღვევო პოლისების აღრიცხვის მოდული. აკეთებს ბანკის მიერ შეძენილი სადაზღვევო პოლისების აღრიხვას, ბანკის კუთვნილი ობიექტების აღრიცხვას და მონიტორინგს და აწარმოებს რეპორტინგს.",Insurance policies accounting module. Registers insurance policies purchased by the bank and bank-owned properties. It is also used for monitoring and reporting.,GL & ERP
36,InsurersLoanService,,TBC Solutions,Win Service,.Net,Adapter,Retail Business,No,Active,Normal,დაზღვევების თანხების შესახებ ინფორმაციის მიწოდების სერვისი (TBC Insurance-ისთვის),Service for insurance amounts information (for TBC Insurance),Loans
37,IntelExpress,,IntelExpress,Win App,N/A,Master||Front,Retail Business,No,Active,Normal,ფულადი გზავნილების მოდული,Money Transfer Module,"Payments (FT, Bill Payments, Remittances)||Branch FEs (Call Centre, Branch, Back Office)"
38,Interbanking (zkDiscountOperations),,TBC Solutions,Win App,Delphi,Master||Front,Ent Serv,Yes,Active,Normal,ბანკთაშორისი პროდუქტების მართვის სისტემა,Interbank Product Management System,Treasury
39,Intranet,,TBC Solutions,Web App,.Net,,Ent Serv,Yes,Cancelled,,ინტრანეტი,Intranet,HRM
40,IT Help Desk (Service Desk),,ZOHO,Web App,N/A,Master,,No,Active,Normal,პროგრამული და ტექნიკური ხარვეზების და მოთხოვნების რეგისტრაციის მოდული,IT Help Desk module (site),Others
41,ItrsXmlReport,,Alta Software,Win App,.Net,Reporting,Ent Serv,No,Active,Normal,ITRS კოდების რეპორტის გენერირება (ეროვნულისთვის). რეპორტი გენერირდება ფაილის სახით,Module for generating ITRS code reports (for NBG). The report is generated in the form of file,DW & Analytics
42,Jobs,,TBC Solutions,Win App,Delphi,Master,Digital,Yes,Active,Normal,"წინასწარი დავალებების და საკომისიოების რეგისტრაციისა და ჩამოჭრის, მიმდინარე ანგარიშების მომსახურების საკომისიოების ჩამოჭრის და ანგარიშების დახურვის მოდული.","Module for registering and taking comissions and standing orders, taking current accounts service fee and closing accouts. ",CASA
43,Learning management system,,Onyx,Web App,.Net,Master,Ent Serv,No,Active,Normal,ტესტირების მოდული,Testing module,HRM
44,LMS,LMS,Alta Software,Win App,.Net,Master||Front,Platform Systems,No,Active,Critical,სესხების მართვის სისტემა,Loan Management System,"Loans||Branch FEs (Call Centre, Branch, Back Office)"
45,Loan,,TBC Solutions,Win App,Delphi,Master,Platform Systems,Yes,Active - Archive,Normal,სესხების ძველი სისტემა,The old system of loans,Loans
46,Loan Extension,,TBC Solutions,Win App,.Net,Master,Retail Business,Yes,Active,Normal,"TBC CARD-ების მონაცემების აღრიცხვა, ჩამოწერა, დარეზერვება და მენეჯერებზე მიბმა","System for management of TBC CARDs. Accounting, writing off, reservation and defining credit manager portfolio.",Credit Cards
47,Lombard,,TBC Solutions,Win App,Delphi,,Retail Business,Yes,Cancelled,,საცალო ლომბარდი,Retail Lombard,"Loans||Branch FEs (Call Centre, Branch, Back Office)"
48,Lombard Middleware,,TBC Solutions,Web Service,.Net,,Retail Business,Yes,Cancelled,,"სხვადასხვა სისტემებისთვის (B2000, TBC Pay) Lombard-ის სესხის შესახებ ინფორმაციის მიწოდება და ოპერაციების დამუშავება","Middleware service between Lombard and other systems (B2000, TBC Pay)",Loans||Integration
49,M Files,Doc Storage,Open Source,App,N/A,Master,Platforms,No,Active,Critical,დოკუმენტაციის არქივაციის მოდული,Module for storing scanned documents,Others
50,MagtiService (B2B),B2B,TBC Solutions,Web Service,.Net,Adapter,CIB,Yes,Active,Normal,სერვისი აბრუნებს ამონაწერს  მაგთის ანგარიშებზე.,The service returns statement of Ltd MAGTI accounts.,Open Banking
51,MC Checkout,,TBC Solutions,Win App,.Net,Master,Payments,No,Active,Normal,Mastercard-თან ანგარიშსწორების მოდული,Module for Settlement to Mastercard,Card Payments
52,MobileBonus,,TBC Solutions,Win App,.Net,Adapter,Digital,Yes,Active,Normal,"კლიენტის მობილურებზე ბონუს წუთების დარიცხვა
იყენებს სიმონის ჯგუფი",Accruals minutes on client mobile phone number.,"CRM (Customer Relationship, Offering, Sales)"
53,MOF,B6,Alta Software,App,.Net,Adapter,Platform Systems,No,Active,Key,ფინანსთა სამინისტროსთან ინფორმაციის გაცვლა,Information Exchange with Ministry of Finance,Government & Regulatory
54,MRS,,TBC Solutions,DB App,SQL / Reporting,Reporting,Ent Serv,Yes,Active,Normal,რეპორტებისთვის დამატებითი მენეჯერული ინფორმაციების აღრიცხვა და რეპორტინგი,Additional reports for managerial accounting information and reporting,DW & Analytics
55,MS,MS,AzRy,Web App,Java,Master,Platform Systems,No,Active,Critical,სმს-ების გაგზავნის სისტემა,AzRy Messaging System,Self Service Channels||Customer Notification
56,Multichannel,,BSC,App,Java,Front,Digital,No,Active,Critical,"მულტიჩანელის სისტემა (ინტერნეტბანკი, მობაილბანკი)","Multichannel system (Internet, mobile banking)",Self Service Channels
57,NAPR,B6,Alta Software,Web Service,.Net,Adapter,Platform Systems,No,Active,Key,"უზრუნველყოფს კლიენტის შემოწმებას და მისი მონაცემების მიღებას საჯარო რეესტრიდან (NAPRIdentity).
კლიენტის ახალი ანგარიშის გახსნის შემდეგ, ბანკი საჯარო რეესტრში აგზავნის კლიენტის პირად ნომერს ან საგადასახადო კოდს, თუ კლიენტი მოვალეთა ბაზაში აღმოჩნდება რეგისტ","Verifies the client in the public registry database and gets information (NAPRIdentity). 
After openning new account, bank sends the customer's personal ID number or tax code in public registry, and then - all the necessary requisites, if the client is re",Credit Product Origination||Government & Regulatory
58,NAPR Customer Registration,,TBC Solutions,Web Service,.Net,Adapter,Daily Operations,Yes,Active,Key,საჯარო რეესტრიდან კლიენტის ავტომატური რეგისტრაცია და ანგარიშის გახსნა,Registers legal customer and opens accounts in B2000 based on requests received from NAPR,CASA||Open Banking
59,NBG Reporting,,TBC Solutions,DB App,SQL,Reporting,Ent Serv,No,Active,Normal,ეროვნულის ფინანსური ანგარიშგების სისტემა,Reporting system for NBG,DW & Analytics
60,NetRateService,,TBC Solutions,Win Service,.Net,Adapter,Ent Serv,Yes,Active,Normal,B2000-დან იღებს კომერციულ კურსებს ფილიალებში არსებული კურსების ტაბლოებისთვის,Gets comecial rates from B2000 for Rates tables (screens),Treasury
61,Online Chat,,HelixGroup,Web App,.Net,Front,Digital,No,Active,Normal,ონლაინ კონსულტაცია,Online Consultation,"Branch FEs (Call Centre, Branch, Back Office)"
62,Payroll,,TBC Solutions,Win App,.Net,Master,Daily Operations,Yes,Active,Normal,სახელფასო პროექტის შეთავაზების აღმრიცხავი მოდული,"Payroll projects offering module ","Branch FEs (Call Centre, Branch, Back Office)||Product Bundling & Pricing"
63,Permission AdminR,,TBC Solutions,Win App,.Net,Master,Platforms,Yes,Active,Normal,მომხმარებელთა უფლებების მართვა,Users' Rights Management,Op Rsiks & Security
64,PipeLine,,TBC Solutions,Web App,.Net,Master,Retail Business,Yes,Active - Archive,Normal,"ძველი WEB, იყენებდნებ DM-ის დანერგვამდე. ახალი პროექტებს არ არეგისტრირებენ, მაგრამ ძველებს ნახულობენ. (თ. მიროტაძის განყოფილება)","Old Loan Origination System, currently is in readonly mode",Credit Product Origination
65,Procash,,BS2,Win App,Java,Master,Ent Serv,No,Active,Normal,პროქეშების მართვის სისტემა,Procash Machines (cash-machines) Management System,"Branch FEs (Call Centre, Branch, Back Office)||Cash Management"
66,Q-MATIC,,NGT,Web App,N/A,Master||Front,Daily Operations,No,Active,Normal,რიგების მართვის სისტემა,Queues management system,Others
67,RISKS,,TBC Solutions,Win App,Delphi,Master,Risks,Yes,Active,Normal,"ინციდენტების აღრიცხვის მოდული. აღირიცხება სხვადასხვა კატეგორიის რისკის მატარებელი ინციდენტები, გააჩნია სტატისტიკური რეპორტის ფორმები.",Module for registration of various kinds of risk incindents. Has statistical reporting forms.,Op Rsiks & Security
68,RMA,,TBC Solutions,DB App,SQL,Reporting,Ent Serv,Yes,Active,Normal,რეპორტინგის მოდული. აგენერირებს კლიენტების სეგმენტებს,Module for registration of various kinds of risk incindents. Has statistical reporting forms.,DW & Analytics
69,Safe Boxes,,TBC Solutions,Win App,Delphi,Master||Front,Daily Operations,Yes,Active,Normal,შემნახველი სეიფები,Safe deposit boxes,"Branch FEs (Call Centre, Branch, Back Office)"
70,Salaro,,TBC Solutions,Win App,Delphi,Master,Ent Serv,Yes,Active,Normal,სალაროებში არსებული კუპიურების რაოდენობისა და მდგომარეობის აღრიცხვა,Module for accounting banknotes,Cash Management
71,Salary,,TBC Solutions,Win App,Delphi,Master||Front,CIB,Yes,Active,Normal,კლიენტების ხელფასების ავტომატური ჩარიცხვის მოდული. ფილიალებში გამოიყენება კლიენტ-ორგანიზაციის თანამშრომლებზე ხელფასების დასარიცხად,Salary payments module for corporate clients,"Branch FEs (Call Centre, Branch, Back Office)"
72,ShadySearching,,TBC Solutions,Win App,Delphi,Reporting,Ent Serv,Yes,Active,Normal,ფილტრავს გატარებულ საბუთებს სხვადასხვა პარამეტრების მიხედვით და ასახავს ფორმაზე.,Identification of risk transactions,Compliance
73,SharePoint Solutions,,TBC Solutions,Web App,SharePoint,Master,,No,Active,Normal,ტასკების და ბაგების აღირიცხვის მოდული დეველოპერებისთვის; სტანდარტების და პროცედურების პორტალი; კომიტეტების ამოცანების აღრიცხვა და ა.შ.,Tasks and bugs managment module for Development department; Web-portal for bank standards and procedures; Committee Documents; etc.,Others
74,SMS Middleware,MS,TBC Solutions,Web Service,.Net,Adapter,Platform Systems,Yes,Active,Key,MS (AzRy) სისტემასა და საბანკო სისტემებს შორის შუალედური სერვისი,Middleware service between MS (AzRy) system and bank modules,Customer Notification||Integration
75,Software Libraries,,TBC Solutions,Library,.Net,Master,Dev CA,No,Active,Normal,პროგრამული ბიბლიოთეკები,Software Libraries,Others
76,Staff,Staff,TBC Solutions,Win App,Delphi,Master,Ent Serv,Yes,Active - Archive,Normal,კადრების მართვის სისტემა,Human Resources Management System,HRM
77,StaffAttendance,,TBC Solutions,Win App,.Net,,Ent Serv,Yes,Cancelled,,თანამშრომელთა დასწრების აღრიცხვის მოდული,Staff Attendance Registration Module,HRM
78,StaffService,Staff,TBC Solutions,Win Service,.Net,Adapter,Ent Serv,Yes,Active,Normal,სააპლიკაციო ფორმისთვის ინფორმაციის მიწოდება და წამოღება,Delivers and takes information for application forms,HRM
79,StaffSyncService,Staff,TBC Solutions,Win Service,.Net,Adapter,Ent Serv,Yes,Active,Normal,Staff-დან აკეთებს მონაცემების სინქრონიზაციას დომეინთან,Synchronizes data from Staff to Domain.,HRM
80,S1,,CRIF,Win App,N/A,Master,Risks,No,Active,Normal,კლიენტების scoring-ის სისტემა (სესხებისთვის),Clients scoring system (Loans),Credit Product Origination
81,TariffPackages,,TBC Solutions,Win App,Delphi,Master,Daily Operations,Yes,Active,Key,კლიენტების სატარიფო პაკეტების მართვის მოდული.,Module for managing tariff packages.,Product Bundling & Pricing
82,Tariffs,B6,TBC Solutions,Win App,Delphi,Master,Platform Systems,Yes,Active,Critical,ანგარიშებისთვის ტარიფების განსაზღვრის მოდული. (ტარიფების ანგარიშებზე მიბმა ხდება BANK2000-ში),Accounts fees management module.,Product Bundling & Pricing
83,TBC Auth,,TBC Solutions,Win App,.Net,Master,Platforms,Yes,Active,Critical,ცენტრალიზებული აუტენტიფიკაციის მოდული,Centralized Authentication Module,Op Rsiks & Security
84,TBC Card Invoices,,TBC Solutions,Web App,.Net,Master||Front,Retail Business,Yes,Active,Normal,საკრედიტო ბარათების ინვოისებისა და ინვოისების არქივის მოდული.,Module for credit cards invoices and archive of invoices.,"Credit Cards||Branch FEs (Call Centre, Branch, Back Office)"
85,TBC Reporting System,,TBC Solutions,Win App,.Net,Reporting,Ent Serv,No,Active,Normal,ანალიტიკური და ოპერაციული რეპორტების სისტემა,System for Analytical and operational reports,DW & Analytics
86,TBC_FinReporting,,TBC Solutions,Win App,.Net,,Ent Serv,Yes,Cancelled,,"რეპორტინგის მოდული რეპორტინგის განყოფილებისათვის (ანა რომელაშვილი). რეპორტის შედგენა ხდება SQL სკრიპტის მსგავსად, მათ მიერვე.",Reporting module for eporting department (Anna Romelashvili).,DW & Analytics
87,TBCCardWebService,,TBC Solutions,Web Service,.Net,Mediator,Retail Business,Yes,Active,Normal,"თიბისი ქარდებზე ინფორმაციას აწვდის კლიენტების ცენტრს, AzRy ტერმინალებს, DM Dal-ს","Delivers information about TBC/Prime Cards to Clients Center (B2000), AzRy Terminals, DM Dal",Credit Cards
88,TreasuryInfo,,TBC Solutions,Win App,Delphi,,Ent Serv,Yes,Cancelled,,"ხაზინის ოპერაციების მართვის მოდული (კონვერტაციის კურსების შეთანხმება, ნაღდი ფულისა და სხვა ფასეულობების ინკასაციის, მოსალოდნელი შემოსავალ-გასავლების, კონვერტაციების განაცხადები)","Treasury management module (Applications for exceptional exchange rates, request for cash and other valuables delivey, expected cash deposit, withdrowal, conversion)",Treasury
89,TurnOverSender (B2B),B2B,TBC Solutions,Win Service,.Net,Mediator,CIB,Yes,Active,Normal,"სამი Win სერვისი სოკარი, თელასი, თბილწყალკანალითვის. ყოველდღიურად იღებს ინფორმაციას ამ კომპანიების ანგარიშებზე შესრულებული ტრანზაქციების შესახებ და აწვდის ამ ინფორმაციას მათი ვებსერვისის გამოყენებით.",Gets information about transactions for specific companies and delivers it using their webservices,Open Banking
90,UFCNotificationService,,TBC Solutions,Web Service,.Net,Mediator,Platform Systems,No,Active,Normal,საბარათე ოპერაციების (ავტორიზაციების) შესახებ ინფორმაციის მიღების სერვისი (SMS-ებისთვის),Listener web-service for UFC. Receives card authorization notifications (for SMS module),Customer Notification
91,UMTS,,AzRy,Web App,Java,Master||Front,Retail Business,No,Active,Key,ფულადი გზავნილების ერთიანი სისტემა,United Money Transfer System,"Payments (FT, Bill Payments, Remittances)||Branch FEs (Call Centre, Branch, Back Office)"
92,Unistream,,Unistream,Win App,N/A,Master||Front,Retail Business,No,Active,Normal,გადარიცხვები იუნისტრიმის სისტემით,Unistream transfers (fast payments),"Payments (FT, Bill Payments, Remittances)||Branch FEs (Call Centre, Branch, Back Office)"
93,UPS/OPC/MPS,,AzRy,App,Java,Master||Mediator,Payments,No,Active,Critical,ერთიანი საგადამხდელო სისტემა,AzRy United payments system,"Payments (FT, Bill Payments, Remittances)"
94,VacationManagement,,TBC Solutions,Web App,.Net,Master,Ent Serv,Yes,Active,Normal,ახალია. შვებულებების მართვის მოდული. ამოცანის მიზანია გაამარტივოს ფილიალებში შვებულებების დაგეგმვა.,New. Vacations management module.,HRM
95,VSS Reader,,TBC Solutions,Win App,Delphi,Master,Payments,Yes,Active,Normal,VISA-თან ანგარიშსწორების მოდული,Module for Settlement to VISA,Card Payments
96,Western Union,,Western Union,Win App,N/A,Master||Front,Retail Business,No,Active,Normal,გადარიცხვები ვესტერნ უნიონის სისტემით,Western Union (fast payments),"Payments (FT, Bill Payments, Remittances)||Branch FEs (Call Centre, Branch, Back Office)"
97,WissolService (B2B),B2B,TBC Solutions,Web Service,.Net,Adapter,CIB,Yes,Active,Normal,ვისოლისთვის ანგარიშებზე ამონაწერის (ბრუნვების) მიწოდება,Wissol accounts turnover delivery serice,Open Banking
98,Arc Sight,,ISSP,Win Service,N/A,Master,Ent Serv,No,Active,Normal,"საეჭვო ტრანზაქციების, ანგარიშების, კლიენტების და პროგრამის მომხმარებლების მონიტორინგის მოდული","Module for moritoring suspicious transactions, accounts, customers and users",Op Rsiks & Security
99,Web Sense,,ISSP,Win App,N/A,Master,Ent Serv,No,Active,Normal,"ინფორმაციის გადინების თავიდან ასაცილებელი და საკონტროლებელი სისტემა, Web Proxy და Mail Gateway","System for monitoring leaking information (Web Proxy, Mail Gateway)",Op Rsiks & Security
100,Target Limits Info,,TBC Solutions,Web App,.Net,,Retail Business,Yes,Cancelled,,"Target Limits სისტემის მიერ დათვლილი ლიმიტების ნახვის საშუალება (ფილიალებისთვის). არის დროებითი სისტემა, სანამ Target Limits სისტემას ექნება Front-ი. არ არის სხვა სისტემებთან ინტეგრირებული (მონაცემების ატვირთვა ხდება ექსელის ფაილის საშუალებით)",System for viewing limits calculated by Targets Limits system. Temporary application without integration with outher systems,Credit Product Origination
101,SAS,,SAS,Win App,N/A,Reporting,Data CoE,No,Active,Normal,"ანალიტიკური ინსტრუმენტი, საკრედიტო და მარკეტინგული სტატისტიკური მოდელების ასაგებად",Analytical tool for sales and credit statistical model development,DW & Analytics
102,Cards Campaign,,TBC Solutions,Win Service,.Net,Master,Payments,Yes,Active,Normal,"ბარათებით გადახდების წამახალისებელი აქცია, რომლის ფარგლებშიც კლიენტი იგებს გარკვეულ თანხას (უკონტაქტო ბარათებით ყოველ მე-10 გადახდაზე, კლიენტი იღებს 5 ლარს)","Contactless cards campaign system (on every 10th contactless payment, customer gets 5 GEL)",Debit Cards
103,P2P,,AzRy,App,Java,Master||Front,Payments,No,Active,Key,"პერსონალური გადარიცხვების სისტემა, სადაც მიმღების იდენტიფიკაცია ხდება ტელეფონიტ, იმაილით, ფეისბუქით და .ა.შ","P2P payment solution. Identification of receiver is done either by phone, email, facebook and etc.","Payments (FT, Bill Payments, Remittances)||Self Service Channels"
104,MLO/WLO,,Alta Software,Web App,.Net,Front,MSME,Yes,Active,Key,"სასესხო განაცხადების მართვის სისტემა მიკრო სეგმენტისთვის, ვებზე და ანდროიდზე.","loan Apllication magament system for micro segment, Available on Web and Andoind devices","Credit Product Origination||Branch FEs (Call Centre, Branch, Back Office)"
105,EMS,,AzRy,Win App,Java,Master,Payments,No,Active,Normal,კიოსკ-ტერმინალებისთვის ინკასაციის მართვის სისტემა,Cash Delivery management system for Kiosk Terminals,Cash Management
106,LOS Retail,LOS,FICO,Web App,Outsystems,Master||Mediator||Front,Retail Business,No,Active,Critical,საკრედიტო პროდუქტების ინიცირების (origination) სისტემა,Loans origination system,"Credit Product Origination||Branch FEs (Call Centre, Branch, Back Office)"
107,LOS Repayment Service,LMS,Alta Software,Web Service,.Net,Mediator,Retail Business,Yes,Active,Critical,"სესხების გადაფარვის სერვისი, რომელიც Alta Software-მა შექმნა LOS-ისთვის",Loans repayment service created by Alta Software and used by LOS for covering old loans with new one,Credit Product Origination
108,PML (Constanta),,TBC Solutions,Win App,.Net,Master,Risks,Yes,Active,Normal,"პრობლემური სესხების მონიტორინგის პროგრამის მეშვეობით ხდება კონსტანტას მიკრო სესხების მონიტორინგი.
• ყველა მოქმედი სესხი რომლის ვადაგადაცილება აღემატება 30 დღეს 
• ყველა სესხი (მიუხედავად 30 დღემდე ვადაგადაცილების) რომლებზეც მონიშნულია მხოლოდ ისეთი მნიშვნე",Problem Loan Monitoring System for constanta loans,Debt Management
109,SME Scoring,,TBC Solutions,Win App,.Net,Master,MSME,Yes,Cancelled,Normal,სქორინგის სისტემა SME-ის სესხებისთვის,provide scors for SME segment,Credit Product Origination
110,CreditBureau DB,,TBC Solutions,DB App,SQL,Adapter,Retail Business,No,Active,Normal,საკრედიტო ბიუროს ქეში,Contains Credit Buuerue Data. Works as the cache for real credit Beureu,Credit Product Origination
111,AML,AML,FICO,Win App,N/A,Master,Ent Serv,No,Active,Normal,AML სისტემა,anti-money laundering system,Compliance
112,DM9,DM9,FICO,Web App,N/A,Master,Risks,No,Active,Normal,"სესხების ამოღების მოდული, რომლის საშუალებითაც ხდება ამოღების სტრატეგიების განსაზღვრა და კლიენტთან შესაბმისი კომუნიკაციების განხორციელება",Loan collection system,Debt Management
113,OTP,,TBC Solutions,Web Service,.Net,Master,Platforms,No,Active,Critical,ქმნის ერთჯერად პაროლიებს და ახდენს მის გადამოწმებას,Creates One time code and checks upn requirement,Others
114,BPM,BPM,TIBCO,Win App,Java,Mediator||Front,Platforms,No,Active,Key,ბიზნეს პროცესების მათვის სისტემა,Business process managament system,"Branch FEs (Call Centre, Branch, Back Office)||Integration||Others"
115,TBCWSPAL,,TBC Solutions,Web App,.Net,Adapter,Retail Business,No,Active,Key,ვებ საიტიდან წინასწარ დამტკიცებული სესხების გაცემა,Pre-approved loan orogination from website,Credit Product Origination
116,CPI,,TBC Solutions,App,.Net,Mediator,Platform Systems,No,Active,Critical,ბანკსა და საპროცესინგო სისტემებს შორის ინტეგრაციის სისტმა,Integration system between bank and card processing systems,Debit Cards||Credit Cards
117,LoyaltyPortal,,TBC Solutions,Web App,.Net,Front,Retail Business,No,Active,Normal,საკრედიტო ბარათების შესაბამისი ლოიალურურობის ფრონტენდ სისტემა კლიენტებისათვის,Credit Card loyality front end system for customers,Credit Cards||Self Service Channels
118,Onboarding Web,,TBC Solutions,Web App,.Net,Front,Digital,No,Active,Key,SME ონბორდინგის ფრონტალური ნაწილი,SME onboarding front end part,Self Service Channels
119,RPTRT(related parties),,TBC Solutions,Win App,.Net,Master,Ent Serv,No,Active,Normal,დაკავშირებული პირების ტრანზაქციების მონიტორინგ,Transaction Monitoring for related parties,Compliance
120,BOT,,TBC Solutions,Web Service,NodeJS,Master,Payments,No,Active,Normal,ინტერაქტიული ჩატის სისტემა,interactive chat system,Self Service Channels
121,Cash Management,,TBC Solutions,Web App,.Net,Master,Ent Serv,Yes,Active,Normal,ინკასაციების და ფულადი სახსრების მართვის მოდული,interactive chat system,Cash Management
122,TBC Credit,,TBC Solutions,Web App,.Net,Front,Retail Business,No,Active,Key,"ვებ აპლიკაცია, რომლიდანაც ხდება კლიენტის საკრედიტო განაცხადების შევსება და შემდეგ სესხების ორიჯინეიშენ სისტემებთან საუბარი","Web solution, where customer can submit loan application from internet",Credit Product Origination||Self Service Channels
123,Payment Order,,TBC Solutions,Web App,.Net,,Ent Serv,Yes,Cancelled,,"ანგარიშსწორების დავალების მოდული, რომლის საშუებითაც ხდება ბანკის თანამშრომლის მიერ ანგარიშსწორებისდ ავალების მიწოდება ფინანსური განყოფილებისთვუს",system enables bank employee to send repayment request for services provided to bank to financial department,GL & ERP
124,PCMS,,AzRy,Web App,Java,Master,Payments,No,Active,Normal,პრომო კამპანიების მართვის სისტემა,Promo campaign manament system,Others
125,Postal Services,,TBC Solutions,Web App,.Net,Master,Ent Serv,No,Active,Normal,საფოსტო გზავნილების მართვის სისტემა,Postal services,Customer Notification
126,Asseco ERP,ERP,TBC Solutions,Web App,.Net,Master,Ent Serv,No,Active,Normal,ERP system,ERP system,GL & ERP
127,Asseco HR,HR,Asseco,Web App,.Net,Master,Ent Serv,No,Active,Normal,HR system,HR system,HRM
128,TBC Wallet,,Prinum,Win App,.Net,Front,Payments,No,Active,Key,კლიენტს აძლებს საშუალებას დაარეგისტრიროს თავისი ბარათი მობილურში და შემდეგ მოახდინოს გადახდები NFC-ის საშუალებით,Enables customer to add his/her cards in the TBC Wallet Application and pay using NFC payment method,Card Payments
129,SDT - Simplified Decision Tool,,Jason Co,Win App,Java,,MSME,Yes,Cancelled,,სესხების ორიჯიეშენი sme სეგმენტისთვის,SME Loan origination solution,Credit Product Origination
130,New Intranet,,TBC Solutions,Web App,.Net,Front,Ent Serv,No,Active,Normal,new intranet system,new intranet system,HRM
131,Dm9 Staging,DM9,TBC Solutions,DB App,SQL / Staging,Adapter,Risks,No,Active,Normal,შუალედური სისტემა DM9-ში ინფორმაციის ატვირთვისთვის,"Intermediate solution , prepares data to upload in DM9 system",Debt Management
132,TBC Identity System,,TBC Solutions,Win App,.Net,Master,Platforms,No,Active,Critical,მომხმარებლის იდენტიფიკაცია თანამშრომლებისთვის,User Identification system for employees,Op Rsiks & Security
133,WordsTranslater,,PulsarAI,Win App,.Net,Master,Daily Operations,No,Active,Normal,"თარგმნის სისტემა, გამოიყენება ამონაწერის სათარგმნელად","Transalation system , used to transalate narrative of transactions",Others
134,Space Banking,Space Banking,TBC Solutions,Web App,Mambo,Master||Front,Space,No,Active,Critical,Space Banking,Space Banking,Self Service Channels
135,AML Staging,AML,TBC Solutions,DB App,SQL / Staging,Mediator,Ent Serv,No,Active,Normal,ინფორმაციის მომზადება და მიწოდება AML სისტემისთვის,Data staging module for AML solution,Compliance
136,CMM,,TBC Solutions,Web App,.Net,Adapter,Ent Serv,No,Active,Key,ქონების შეფასების მოდული,Property Valuation module,Loans
137,Multichannel Lottery,,TBC Solutions,Win App,.Net,Master,Digital,Yes,Cancelled,Normal,მულტიჩანელში ლატარიის გათამაშების სისტემა,Lottery system for multichannel,Others
138,RS.ge,,TBC Solutions,Web App,.Net,Adapter,Retail Business,No,Active,Key,შესავლების სამსახურიდან კლიენტების ინფორმაციის მოქაჩვა,Gets customer information from revenue service,Credit Product Origination||Government & Regulatory
139,Transaction Purpose Check,,PulsarAI,App,Java,Master,Daily Operations,No,Active,Normal,ახდენს გადარიცხის დანიშნულებს ანალიზს და ამოწმებს არის თუ არა დანიშნულებაში გამოყენებული დაუშვებელი შინაარსის სიტყვები ან არის თუ არა დავალება მესამე პირის სახელით განხორციელებული,Checks Payment Purpose whether or not it contains restricted words or transfer is performed on behalf of third party entity,"Payments (FT, Bill Payments, Remittances)"
140,JIRA Solutions,,Atlassian,Web App,N/A,Master,Ent Serv,No,Active,Normal,ბიზნეს დავალებების მართვის სისტემა,"Business Task managment syste,",Others
141,SDT Web,,Jason Co,Web App,Java,,MSME,Yes,Cancelled,," ვებ აპლიკაცია SDT სისტემისთვის",WEB application for SDT,Credit Product Origination||Self Service Channels
142,ERP Middleware DB,ERP,TBC Solutions,DB App,SQL,Adapter,Ent Serv,No,Active,Normal,"შუალედური გადაწყვეტა, რომლის საშუალებითაც ERP სისტემა ცვლის ინფორმაციას ქორთან","midllware solution, which provides data exchange between ERP and Core",GL & ERP
143,OTCS Contact Manager,Call Center,Veziri,App,N/A,Adapter,Daily Operations,No,Active,Key,ახდენს კლიენტებთან დარეკვის ავტომატიზაციას წინასწარ მოწოდებული სისს საფუძველზე,Enables to make auto dialing to customers based on provided list of inputs,Debt Management||Customer Notification
144,Alta Pushing,B6,Alta Software,Win Service,.Net,Adapter,Digital,Yes,Active,Critical,"ისვრის ტრანზაქციების, ანგარიშების, კლიენტების ივენთებს ტიბკოზე ","Pushing Solution, which sends events to TIBCO about transactons, accounts and clients",Integration
145,Search Data Store,,TBC Solutions,Web App,Elastic Search,Mediator,Platforms,No,Cancelled,Normal,"ეძებს ტრანზაქციებს, წინასწარ დავალებებს და დაირექტ დებეტის დავალებებს, გადახდის შაბლონებს, p2p შაბლონებს , მულტიჩანელის მეილებს","Enable Searching of transtions, standing order and direct debit instructions, bill payment templates, p2p templates, multichannel mail",Others
146,Space Pushing Service,Space Banking,Alta Software,Win Service,.Net,Adapter,Platform Systems,Yes,Active,Key,მდებარეობს space და TIBCO-ს შორის და აგზავნის ტრანზაქციებს space-შ თუ იგი მას ეკუთვნის. იღებს მონაცემებს ALTA pushing-დან და ახორციელებს დამატებით ტრანზაქციების დაფილტვრას და თუ ტრანზაქციის ერთერთი ანგარიშ ეკუთვნის Space-ს უგზავნის მას,"Web service , which stands between space and TIBCO and sends transaction to space if it belongs to Space. It Gets data from ALTA pushing and makes additional filter of transaction if one of the accounts belongs to Space and redirects to space",Integration
147,Child Card Portal,,TBC Solutions,Web App,.Net,Front,Retail Business,No,Active,Normal,მოსწალის ბარათის შეკვეთის ინტერნეტ აპლიკცაია,Enables to order pupil card from internet,Debit Cards||Self Service Channels
148,Doc Storage API,Doc Storage,TBC Solutions,Web App,.Net,Adapter,Platforms,No,Active,Critical,"შუალედური სისტემა, რომელიც ამარტივებს M-File-ში ჩაწერას","intermediate system , simplifyes interfaces between M-File and other systems",Integration
149,Moodys,,Moodys,Win App,N/A,Master,Risks,No,Active,Normal,კორპორატიული კლიენტებს ანიჭებს  რისკის დონეებს,assigns to coporate customers risk levels,Credit Product Origination
150,BPM Management Servies,BPM,TBC Solutions,Win Service,.Net,Adapter,Platforms,No,Active,Normal,"BPM-ში გახსნილად დატოვებული დავალებების დამხურავი სერვისი, დაუმუშავებელი დავალებების მონიტორინგის სერვისი","Closes opened work items in BPM, monitors unprocessed tasks in BPM",Others
151,BPM Integration services,BPM,TBC Solutions,Web Service,.Net,Adapter,Platforms,No,Active,Normal,ახორციელებს BPM-ის მიერ  მეილების გაგზავნას და ამ დროს M-File-თან ინტეგრაციას,Enables BPM to send mail and integrate with M-Files when attachment is required from M-Files,Others
152,SME Front End,,TBC Solutions,Web App,.Net,Front,Daily Operations,No,Active,Key,"ფრონტენდ სისტემა, სადაც კონცენტრირებულია კლიენტების მომსახურების ფუნქციონალი ერთიანი სისტემის ფარგლებში","Frontend system, contains different customer service operations in single system","Branch FEs (Call Centre, Branch, Back Office)"
153,LOS SME,LOS,FICO,Web App,Outsystems,Master||Mediator||Front,MSME,No,Active,Critical,"სესხის განაცხადების დამუშავების სისტემა SME სეგმენტისთვის ",Loan Application approval system for SME system,"Credit Product Origination||Branch FEs (Call Centre, Branch, Back Office)"
154,T-SYS,,T-SYS,Win App,Java,Master,Retail Business,No,Active,Critical,საკრედიტო ბარათების მართვის სისტემა,Credit Card management system,Credit Cards
155,BW,,TIBCO,Win App,BW,Mediator,Platforms,No,Active,Critical,სისტემების საინტეგრაციო პლათფორმა,system Integration Platform,Integration
156,TPay,,TBC Solutions,Web App,.Net,Master,Payments,No,Active,Key,QR გადახდების სისტემა,QR payments management system,"Payments (FT, Bill Payments, Remittances)||Self Service Channels"
157,COA (Customer Operation Approval),,TBC Solutions,App,.Net,Master||Front,Platforms,No,Active,Normal,"კლიენტის მიერ (მისივე ინიცირებული) ოპერაციების დადასტურების სისტემა (SMS-ით, Email-ით და ა.შ.)","System for approving customer operations by customer (by SMS, Email, ...)",Customer Signing & Authorization
158,UMS,B7,Alta Software,Win App,.Net,Master,Platform Systems,No,Under Development,Critical,მომხმარებლების მართვის სისტემა ალტას სისტემებისთვის,User Managemnt system for Alta's systems,Op Rsiks & Security
159,User Rights Sync,,TBC Solutions,Win Service,.Net,Adapter,Platforms,No,Active,Normal,ახორციელებს HR სისტემაში თანამშრომლის სტატუსის ცვლილებას UMS-ში და ActiveDirectory-ში,Makes Status changes to UMS system based on changes in HR system in employee record and  ActiveDirectory,Op Rsiks & Security
160,Location Service,,AzRy,Win App,Java,Master,Digital,No,Active,Normal,შეიცავს ბანკომატების ადგილმდებარეობებს საქართველოს მასშტაბით,Mainatains location of ATMs,Others
161,BRS,,TBC Solutions,Web App,.Net,Master,Daily Operations,No,Active,Normal,ბაჩურად კლიენტების და პროდუქტების რეგისტრაციის სისტემა,Batch Customer and products registration,Product Bundling & Pricing
162,Employees Evaluation System,,TBC Solutions,Web App,.Net,Master,Ent Serv,No,Active,Normal,თანამშრომლების შეფასების სისტემა,Employee Evaluation system,HRM
163,Pensions Service,,TBC Solutions,Win Service,.Net,Adapter,CIB,No,Active,Normal,საპენსიო ფონდში მის ანგარიშებზე ჩარიცხვების გაგზავნის სერვისი,Sends payments to Pension funds,Government & Regulatory
164,Autoscan,,TBC Solutions,Win App,.Net,Utility,Daily Operations,Yes,Active,Normal,განაცხადიდან ფაქსიმილეს ამოჭრა და ატვირთვა ქორ სისტემაში,Application faximile cuting and uploading to Core system,Others
165,Jasper Report,,TIBCO,App,Java,Mediator,,No,Active,Critical,დოკუმენტების/რეპორტების გენერაციის სისტემა,Document geenartion system,Others
166,Input Management Systems,,TBC Solutions,Win App,.Net,Reporting,Ent Serv,No,Active,Normal,ინფორმაციის ატვირთვა დატავეარჰაუზში,Data upload to datawarehouse,DW & Analytics
167,KYCCheckService,,TBC Solutions,Web Service,.Net,Mediator,Ent Serv,Yes,Active,Normal,"KYC გადამოწმების ფუნქციის მქონე სერვისი, რომელიც გამოიყენება კლიენტის სანქცირებულ ქვეყანასთან კავშირის დასადგენად.","KYC check related service, used for customer check against sunctioned countries",Compliance
168,Card refill service for Gambling,,TBC Solutions,Win Service,.Net,Master,Payments,Yes,Active,Normal,მიკროსაფინანსოებისთვის და გემბლერებისთვის ანგარიშის ავტომატურად შევსების სერვისი,Account sweeping services for Gamblers and Microfinance organizations,Card Payments
169,Merchant Portal,,TBC Solutions,Web App,.Net,Front,Payments,No,Active,Normal,მერჩანტებიოსთვის იფნრომაციის მიწოდება,Transaction infor for Merchants,Card Payments||Self Service Channels
170,UMTS_WEB,,TBC Solutions,Web App,.Net,Front,Retail Business,No,Active,Key,ფულადი გზავნილების გაგზავნა/მიღება ვებიდან,Money Transfer send/reive from Web,"Payments (FT, Bill Payments, Remittances)||Self Service Channels"
171,SecurityPoliceService,,TBC Solutions,Web Service,.Net,Adapter,Ent Serv,No,Active,Normal,დაცვის პოლიციასთან ინტეგრაციის სისტემა,Integration system with Police Security Agency,Cash Management
172,TBC Customer Identity,,TBC Solutions,Web Service,.Net,Master,Platforms,No,Active,Critical,კლიენტების აუტენტიფიკაციის სერვისი,Customer Identification Service,Customer Signing & Authorization
173,TBC Youth,,TBC Solutions,Web App,.Net,Front,Retail Business,No,Active,Normal,ინტერნეტიდან საბარათე და სხვა საბანკო პროდუქტების / სერვისების მიწოდების არხი მოსწავლეთა და სტუდენტთა სეგმენტისათვის,Card and other bank products offering portal for pupils (Schoolchild and Student segment),Self Service Channels
174,Problem Loan Management System,,TBC Solutions,Web App,.Net,Master,Risks,No,Active,Normal,პრობლემური სესხების ამოღების კომპანიებთან და შიდა პრობლემური სესხების მენეჯერებთან მუშაობის სისტემა,"Problem Loan Management system, works with corresponding internal staff and external companys",Debit Cards
175,Factoring(Proxima+Tesla),,NuEuro Soft,Web App,Java,Master||Front,CIB,No,Active,Key,ფაქტრონგის აღრიცხვის მოდული,Factoring Management Module,Loans||Self Service Channels
176,OnlineInstallment,,TBC Solutions,Web App,.Net,Front,Retail Business,No,Active,Key,ონლაინ განვადებების მერჩანტებთან ინტეგრირებული სისტემა,Online Installement Managment system integrated with merchants,Credit Product Origination||Self Service Channels
177,Dgesve,,TBC Solutions,Web App,.Net,Front,Retail Business,No,Active,Normal,"ვებ სისტემა, რომელიც სთავაზობს კლიენტებს საჩუქრებს სესხის აღების სტიმულირებისთვის",Solution offers to customers gifts in order to stimulate Loan purchases,Credit Product Origination||Self Service Channels
178,Apigee,OpenAPI,Apigee,Web Api,N/A,Master||Front,Platforms,No,Active,Critical,ახორციელებს API-ს მიწოდებას გარე მომხმარებელი სისტემისთვის,Exposes API-s to external user systems,Open Banking
179,Cash Management IQ,,BS2,App,N/A,Master,Ent Serv,No,Active,Normal,ინკასაციების და ფულადი სახსრების მართვის მოდული,Cash management system,Cash Management
180,BFM,DBS,TBC Solutions,Web Service,.Net,Mediator,Digital,No,Active,Normal,ანალიტიკური რეპორტების მიწოდება სმე კლიენტებისთვის,Provides analitical reports to sme customers,Others
181,Merchant HUB Portal,,TBC Solutions,Web Service,.Net,Front,Payments,No,Active,Normal,"ვებ აპლიკაცია, რომელიც უზრნველყოფს მერჩანტებისთვის  ონლაინ სერვისის მიწოდებას",Provides Online services to merchants,Card Payments||Self Service Channels
182,Merchant Origination,,TBC Solutions,Web App,.Net,Master,Payments,No,Active,Key,"სისტემა, რომელიც უზრუნველყოფს მერჩანტის შექმნას",Manages Merchant origination processes,Card Payments
183,Q-Bridge,,TBC Solutions,Win Service,.Net,Mediator,Platforms,Yes,Active,Key,"შუალედური გადაწყვეტა, რომელიც უზრუნველყოფს ბ6-ის ივენთების გადატანას RabbitMQ-დამ EMS-ში","Middleware solution, exchanges B6 Event transfer from RabbitMQ to EMS",Integration
184,TBC Capital,,TBC Solutions,Web App,.Net,Master,CIB,No,Active,Normal,თიბის კაპიტალის პროდუქტების მართვის სისტემა,Product management for TBC Capital,Others
185,Online Offer Engine,,TBC Solutions,Web Service,.Net,Master,Ent Serv,No,Active,Normal,უზრუნველყოფს შეთავაზებებს სხვადასხვა არხებისთვის,Provides Offers to different channels,"CRM (Customer Relationship, Offering, Sales)"
186,Risk Check Engine,,TBC Solutions,Web Service,.Net,Master,Ent Serv,No,Active,Critical,რეგულაციებთან შესაბამისობების ლოგიკების ბიზნეს წესების მართვის სისტემა,Manages Business logics related to compliance topics,Compliance
187,Online Mortgage,,TBC Solutions,Web App,.Net,Front,Retail Business,No,Active,Key,ონლაინ აპლიკაცია იპოთეკური სესხების განაცხადებისთვის,online application for mortgage loan origination,Credit Product Origination||Self Service Channels
188,JSD Space Storage,,TBC Solutions,Win Service,.Net,Adapter,Ent Serv,No,Active,Normal,"ჯირადან ახდენს ფაილების ავტომატურად გადატანას  მფაილში, ხოლო ყოველდღიურად უკვე გადატანილი ფაილები ჯირაში იშლება შესაბამისი ჯობის გაშვებით.",Transfer Data From Jira to M-File in order to reduce jira storage size,Integration
189,Money Cashout System,,AzRy,App,Java,Master||Front,Payments,No,Active,Normal,ლატარიაში და ტოტალიზატორებში მოგებების განაღდების სისტემა,Enables winning amount repayment for lottery companyes and totalizators,"Payments (FT, Bill Payments, Remittances)||Branch FEs (Call Centre, Branch, Back Office)"
190,ScannerManager,,TBC Solutions,Win Service,.Net,Utility,Platforms,No,Active,Normal," აპლიკაცია, რომელიც სხვადასხვა აპლიკაციებს უმარტივებს სკანერის საკითხებს","Application, which helps other applications to read from scanner",Integration
191,Budgeting,,TBC Solutions,App,.Net,Reporting,Ent Serv,No,Active,Normal,ბიუჯეტის აწყობის სისტემა,Budgeting Solution,DW & Analytics
192,Open API Middleware(OBS),OpenAPI,TBC Solutions,Web Service,.Net,Adapter,Platforms,No,Active,Critical,"შუალედური სერვისი Open API -სა და ბანკის სისტემებს შორის, შეოცავს შუალედურ ბიზნეს ლოგიკებს და ტრანსფორმაციებს",Middleware service between Open API and rest banking systems. Contains middleware business logics and additional transformations,Open Banking||Integration
193,Device Management,,TBC Solutions,App,.Net,Utility,Platforms,No,Active,Normal,"უზრუნველყოფს მოწყობილობების მიერთებას სხვადასხვა ბიზბეს აპლიკაციებთან ",Enables device interaction with business applications,Integration
194,Rs Check,,Alta Software,Web Service,.Net,Adapter,Daily Operations,No,Active,Normal,საშემოსავლო სამსახურს უკეთებს ანგარიშის და კლიენტის შესაბამისობის ვალიდაციას,"Makes validation that account belongs to person for ",Government & Regulatory||Integration
195,tbc.ge,,TBC Solutions,Web App,HTML,Front,Digital Comms CoE,No,Under Development,Normal,თიბისი ბანკის საიტი,TBC Bank Web Site,Others
196,Big Data Process Manager,Big Data,TBC Solutions,Web App,.Net,Reporting,Platforms,No,Active,Normal,Big Data პროცესების პარამეტრების დასკონფიგურირებელი სისტემა,Parameter condiguration management system for Big Data Processes,DW & Analytics
197,Quizzes.ge,,TBC Solutions,Web App,.Net,Front,Ent Serv,No,Under Development,Normal,ქვიზების შესავსები აპლიკაცია ფეისბუქ კლიენტებისთვის,Quizzes application for facebook clients,Others
198,AdminExpenses,,TBC Solutions,Win App,,,,,Cancelled,,ადმინისტრაციული ხარჯების აღრიცხვის სიტემა,Administrative cost accounting system
199,Agreement,,TBC Solutions,Win App,,,,,Cancelled,,"ხელშეკრულებების მოდული. გამოიყენება იურ. პირის გენ. ხელშეკრულებებისთვის, ხელშეკრულებაში პირობების ცვლიელების შეთანხმების და იმ ანგარიშის ამონაწერის თავსართისთვის, რომლებსაც ერიცხება საპროცენტო სარგებელი.",Agreements module
200,ATM Control,,TBC Solutions,Win App,,,,,Cancelled,,ბანკომატების დისბალანსების კონტროლის სისტემა (ბანკომატების ჟურნალების ჩანაწერებს ადარებს Core-ის ტრანზაქციებს),Disbalance control system for ATMs (Compares ATM log files with Core transactions)
201,BankCardsService,,TBC Solutions,Web Service,,,,,Cancelled,,"CSIService-ის წინამორბედი ვერსია. ძირითადად, გამოიყენება ვირტუალური ავტორიზაციების შესაქმნელად B2000-ის კლიენტების ცენტრში, ბარათის შესახებ ინფორმაციის მისაღებად SMS-ების მოდულში.",Previous version of CSIService. Is used for making virtual authorizations and getting card informations from UFC
202,BirthdayNotification,,TBC Solutions,,,,,,Cancelled,,"Winapp + scheduler. თანამშრომლებს უგზავნის დაბადების დღის მისალოც მეილს  1. გენ. დირექტორის სახელით. 2. HR-ის სახელით. ",Sends Birthday Congrats Mails to staff members 1. On behalf of CEO 2. On behalf of HR
203,Bodies,,TBC Solutions,Win App,,,,,Cancelled,,ტან კოდების სისტემა ვიპ კლიენტებისთვის,Tan codes system for VIP clients
204,CalculationModule,,TBC Solutions,,,,,,Cancelled,,"მოდული დავალება ანგარიშსწორებებს ინახავს ბაზაში. აღრიცხავს და ბეჭდავს ნომენკლატურებს, აკეთებს რეპორტს.","Module stores the Payment Assignment in database. Records and prints the nomenclature, doing reports."
205,CallCenterClientInfo,,TBC Solutions,Web App,,,,,Cancelled,,ქოლ-ცენტრილ კლიენტების შესახებ ინფორმაცია,
206,CallsRegistrationManager,,Ltd. PR,Win App,,,,,Cancelled,,"კლიენტის შესახებ სრული ან ნაწილობრივი ინფორმაციის მოპოვება რეპორტის სახით, თარიღისა და პროდუქტის მიხედვით. გამოიყენება გაყიდვების მხარეს, ანალიზისათვის.",Gets client's information. Is used for sales purposes.
207,CashBack,,TBC Solutions,Win App,,,,,Cancelled,,Prime Card-ის cashback-ების სისტემა,Cashback systems for Prime Cards
208,CashInTerminals,,,Web App,,,,,Cancelled,,CashIn ტერმინალების ადმინისტრირების მოდული,CashIn Terminals system Administration Console
209,CheckInkaso,,TBC Solutions,Web App,,,,,Cancelled,,ინკასოს არსებობის შემოწმება,Checking Inkaso
210,Clients in Progress,,TBC Solutions,Win App,,,,,Cancelled,,"კლიეტებთან მოლაპარაკებების, მოზიდვის პროცესი. მოდული იძლევა საშუალებას შეიყვანონ ინფორმაცია პოტენციური კლიენტების შესახებ",Module for registering potential clients.
211,ClientsInfo,,TBC Solutions,Win App,,,,,Cancelled,,არავინ არ იყენებს. ბანკის მიერ დაწერილი მინი CRM. იღებს ინფორმაციას კლიენტის პროდუქტების შესახებ.,
212,Compliance Link System,,Accuity,,,,,,Cancelled,,"საერთაშორისო სისტემა, რომელშიც აღრიცხულია მაღალი რისკის მქონე პირები (პოლიტიკურად აქტიური, ტერორისტები და ა.შ.)","International system which maintains list of risky persons (politically active, terrorists, etc.)"
213,Cons_Dep,,TBC Solutions,Win App,,,,,Cancelled,,აღარ გამოიყენება. კონსოლიდირებული დეპოზიტების მოდული,
214,ConsLoan,,TBC Solutions,Win App,,,,,Cancelled,,"ძველი სესხების მოდულის ანალიტიკური ფორმები. ამჟამად გამოიყენება მხოლოდ TBC Card-ებისათვის. ანუ მხოლოდ ერთი ფორმაა აქტიური, რომელშიც TBC Card-ებს აღრიცხავენ.","The analytical forms of the old loans module. Currently used only for TBC Cards. Thare is only one active form, in which TBC Cards information is recorded."
215,CreditInfo Windows Service,,,Win Service,,,,,Cancelled,,"ჩვენებმა არ იციან, ალტასი არ არის",
216,CreditInfoLoan,,,Web App,,,,,Cancelled,,"არ იხსნება, ირმამ მგონი ეს ძველიაო","Web site, from where users marks loans, which should be send to CreditInfo Bureau"
217,CSIService,,TBC Solutions,Web Service,,,,,Cancelled,,"საბარათე სისტემების საინტერფეისო სერვისი. შუალედური სერვისი საბანკო სისტემებსა და UFC-ს შორის. ასევე იყენებს Core-ის სინქრონიზაციის engine-ი, კლიენტების ცენტრი","Card systems interface service. Middleware web-service between bank and UFC systems. The service is also used in Core card transactions synchronization engine, in clients center"
218,CTS,,TBC Solutions,,,,,,Cancelled,,"შუალედური მოდული ძირითად საბანკო სისტემასა და საპროცესინგო ცენტრს შორის.
1. საბანკო სისტემაში შესრულებული არასინქრონული ტრანზაქციების ექსპორტი საპროცესინგო ცენტრში;
2. ვირტუალური ავტორიზაციების (ბლოკები) მოხსნა;
3. საპროცესინგო ცენტრიდან საკრედიტო ბარათებ","Intermediary module for Core and Processing Center. Functions:
1. Export of non synchronized operations to Processing Center;
2. Removal of virtual authorizations (bloks);
3. Import of Credit Cards data from  Processing Center;
4. Alignment of unauthorize"
219,CustomerAttractionSendMail,,TBC Solutions,,,,,,Cancelled,,გზავნის მეილს არარეზიდენტი კლიენტების მოსაზიდად. იტვირთება ფიზიკური პირების სია და აგზავნის მეილს პაატა ღაძაძის სახელით.,Sends mails on behalf of Paata Ghadzadze (First Deputy CEO) to attract non-resident customers.
220,Deposit Certificates,,TBC Solutions,Win App,,,,,Cancelled,,დეპოზიტების სერთიფიკატი,New system under development (Feb 2014) it will keep the balance value of new product (go-life March 2014)
221,Deposits,,TBC Solutions,Win App,,,,,Cancelled,,დეპოზიტების ძველი სისტემა,Deposits old system
222,DirectDebit,,TBC Solutions,Win App,,,,,Cancelled,,ძველი დაირექტ დებიტი,Old DirectDebit system
223,Drawing,,TBC Solutions,Win App,,,,,Cancelled,,აღარ გამოიყენება,
224,Evaluation (HR-360),,,Web App,,,,,Cancelled,,თანამშრომელთა შეფასების სისტემა (ძველი),Staff evaluation system (Old)
225,ExaminationPortal,,Vabaco,Web App,,,,,Cancelled,,საგამოცდო ვებ-გვერდი,Staff examination module
226,General Contracts,,TBC Solutions,Win App,,,,,Cancelled,,სავალუტო გადარიცხვებისთვის კლიენტის შესყიდვების კონტრაქტების და ლიმიტების აღრიცხვის მოდული,Module for registering clients procurement contracts as basis of foreign currency money transfers
227,GoldMarket,,TBC Solutions,,.Net,,Ent Serv,,Cancelled,,"ოქროს სერტიფიკატების მართვის მოდული. ოქროს ფასების გაწერა, ეროვნულში გაგზავნა, ეროვნულიდან ოქროს ფასების მიღება. დანერგილია სატესტო გარემოში, დასანერგია რეალურ გარემოში (ტოროშელიძე).
დაინერგა რეალურზე (27.06.2014) და ამის შემდეგ გავაუქმეთ (01.08.2014).","Gold Certificate Management Module. Gold prices are put in, sent to NBG, received from NBG."
228,IbanWcfService,,TBC Solutions,Web Service,,,,,Cancelled,,"ახალია. ჯერ არ არის დანერგილი. ამოწმებს იბანის ვალიდურობას, ბანკის კოდის სისწორეს, აქტიურობას და ა.შ.",New. Not deployed yet. Checks IBAN and bank code.
229,Inkasacia,,TBC Solutions,,,,,,Cancelled,,მოდული ინკასაციის მუშაობის გაკონტროლებისთვის,Cash transportation monitoring module.
230,INKASO,,TBC Solutions,Win App,,,,,Cancelled,,ინკასოების და ყადაღების მართვის მოდული,Inkaso and sequestration management module
231,Insiders,,TBC Solutions,Win App,,,,,Cancelled,,ინსაიდერების აღრიცხვის სისტემა,Insiders registration system
232,Internet Banking (Old),,Alta Software,Web App,,,,,Cancelled,,ძველი ინტერნეტ ბანკი,Old Internet Banking
233,LetterOfCredit,,TBC Solutions,Win App,,,,,Cancelled,,არ დანერგილა და არც დაინერგება,
234,Loan web,,,Web App,,,,,Cancelled,,"არ იხსნება, გაუქმებულია",
235,Loans in progress,,TBC Solutions,,,,,,Cancelled,,ინფორმაცია პოტენციურ სესხებზე. რა სესხის გაცემაა მოსალოდნელი ახლო მომავალში,Information on potential loans. What loan disbursements is expected in the near future
236,LoansWs,,TBC Solutions,Web Service,,,,,Cancelled,,სესხის შესახებ ინფორმაციის (დასაფარი თანხის) მიღება (ძველი Loan-დან).,Give Information about loans (from old Loan system)
237,Loiality,,,Web App,,,,,Cancelled,,იყენებდნენ Lukoil ბარათებზე ქულების დარიცხვა-განაღდებისთვის. აქტიური Lukoil ბარათი არსებობს,
238,MagtiTBCPayWebService,,TBC Solutions,Web Service,,,,,Cancelled,,"არსებობს, მაგრამ არ გამოყენება. გადაცემულ თანხას რიცხავს ""თიბისი ფეის"" ანგარიშიდან ""მაგთიკომის"" ანგარიშზე",
239,ModuleCloser,,TBC Solutions,Win App,,,,,Cancelled,,"B2000-ისა, დეპოზიტების, ბანკთაშორისი დეპოზიტების მოდულების დღის  ბლოკირება, დახურვა და გახსნა.","Module for managing close day processes (B2000, Deposits, Interbanking  module)"
240,Operations Monitoring,,TBC Solutions,Win App,,,,,Cancelled,,საოპერაციო რისკების განყოფილების მოდული სხვადასხვა საბანკო ოპერაციების მონიტორინგისთვის,Operational risks department's module for monitoring various bank operations
241,PC Banking (BankClient),,Alta Software,Win App,,,,,Cancelled,,კორპორატიული კლიენტებისთვის რემოუთ ბანკინგი,Remote banking for corporate clients
242,Planning Management,,TBC Solutions,,,,,,Cancelled,,დაგვიანებების აღრიცხვის მოდული,Delays accounting module
243,PoliceServicePayments,,TBC Solutions,Win App,,,,,Cancelled,,მომხმარებელს საშუალება ეძლევა გადაიხადოს მომსახურების სააგენტოს სერვისები ქვითრის საფუძველზე.,System for Police Services Agency payments.
244,PP_ATB_GENERATOR,,TBC Solutions,Win App,,,,,Cancelled,,Priority Pass cards Personalization file (ATB) generator,Priority Pass cards Personalization file (ATB) generator. Stand alone solution not related to any system
245,Risk Clients,,TBC Solutions,Win App,,,,,Cancelled,,ძველი პროგრამა. რეალურზე აღარ არსებობს.,Not in use. Old program.
246,SiteKiosk,,BSSC,,,,,,Cancelled,,ფილიალში განთავსებული კლიენტის მომსახურე კომპიუტერული კიოსკების პროგრამული უზრუნველყოფა,Kiosk Software
247,SmartClub,,TBC Solutions,Win App,,,,,Cancelled,,Smart club სისტემა (clients loiality),Smart Club System (clients loiality)
248,SMEClientCategories,,TBC Solutions,,,,,,Cancelled,,SME კლიენტების აღრიცხვა,SME customers management module
249,StaffTesting,,TBC Solutions,Win App,,,,,Cancelled,,თანამშრომელთა ტესტირების მოდული. აღარ გამოიყენება. დასაარქივებელია,
250,StaffTesting_HR,,TBC Solutions,Win App,,,,,Cancelled,,თანამშრომელთა ტესტირების მოდული. აღარ გამოიყენება. დასაარქივებელია,
251,StaffTesting_HR2,,TBC Solutions,Win App,,,,,Cancelled,,თანამშრომელთა ტესტირების მოდული. აღარ გამოიყენება. დასაარქივებელია,
252,StaffTesting_New,,TBC Solutions,Win App,,,,,Cancelled,,თანამშრომელთა ტესტირების მოდული. აღარ გამოიყენება. დასაარქივებელია,
253,Student,,TBC Solutions,Win App,,,,,Cancelled,,სწავლის საფასურის გადახდის მოდული,Tuition fees payment module
254,SWIFT Salary,,TBC Solutions,,,,,,Cancelled,,საშემოსავლო გადასახადის ავტომატური გადარიცხვის მოდული (სახელფასო ჩარიცხვებისთვის),Module for automatic transfers of Income Tax (for incoming salary transfers)
255,TBC Broker SMS Sender Service,,,Win Service,,,,,Cancelled,,,
256,TBC Pay,,TBC Solutions,,,,,,Cancelled,,სწრაფი გადახდის ტერმინალების სისტემა (TBC Pay),Self service terminals system (TBC Pay)
257,TBCCardWS,,TBC Solutions,Web Service,,,,,Cancelled,,TBC Card-ის ინტერფეისი (ძველი ინტერნეტ-ბანკისთვის),TBC Card Web Service (for Old internet bank)
258,TBCMobile Web Site,,TBC Solutions,Web App,.Net,,Retail Business,,Cancelled,,მობაილ ბანკის (აპლიკაციის) გავრცელების საიტი (დაყენების ინსტრუქცია),"Web site for Mobile Banking application (description, Instructions for installation)"
259,TBCWEBRates,,TBC Solutions,Web Service,,,,,Cancelled,,TBC-ის საიტი უკავშირდება ამ სერვისს და ხდება კურსების განახლება ჩვენს საიტზე,TBC website connectს to the service and refreshes rates
260,TBills (+ Admn),,TBC Solutions,Win App,,,,,Cancelled,,"აღარ გამოიყენება. ფასიანი ქაღალდების აღრიცხვის მოდული ",
261,Tran_change,,TBC Solutions,,,,,,Cancelled,,ახდენს ეროვნული ბანკიდან მოსული ჩარიცხვების გადანაწილებას სათავო ოფისსა და ფილიალებს შორის.(მოდული აღარ გამოიყენება),
262,Trans2000,,TBC Solutions,Win App,,,,,Cancelled,,"გამოიყენება წინასწარ დარეგისტრირებულ ანგარიშებზე შესრულებული ტრანზაქციების პარამეტრების (დანიშნულება, გამგზავნის, მიმღების დასახელებები) სათარგმნელად","Translates some parametres (description, sender and receiver names) from Georgian to English. Corresponding  accounts are to be registered in advance"
263,Transfer Pricing,,TBC Solutions,,,,,,Cancelled,,პროდუქტების და ვადიანობის ჭრილში ითვლის ყოველთვიურ საშუალო ნაშთებს და ამრავლებს შესაბამის ფასზე რომელსაც ადგენს ხაზინა,
264,Translator,,TBC Solutions,Win App,,,,,Cancelled,,ახდენს ეროვნული ბანკიდან მოსული ჩარიცხვების გადანაწილებას სათავო ოფისსა და ფილიალებს შორის.(მოდული აღარ გამოიყენება),
265,Treasury Reporting,,TBC Solutions,Win App,,,,,Cancelled,,ანგარიშგების მოდული ხაზინისთვის,Reporting module for Treasury Department
266,WEBDDebit,,TBC Solutions,,,,,,Cancelled,,ვებ სერვისი აბრუნებს აბონენტის დავალიანებას კონკრეტული სერვისის მიხედვით,"Web service returns the customer's debt, according to the specific service"
267,InstallmentGuarantees,,TBC Solutions,,.Net,,Retail Business,,Cancelled,,ტელეფონებზე გარანტიების მართვა მობილური ტელეფონების პროვაიდერთან(ჯერჯერობით მარტო ჯეოსელი),Guarantee managemnt for mobile phones with cell phone providers(
268,Mobile Agents (Constanta),,Gizgiza,Win Service,,,,,Cancelled,,პროდუქტების ლიდების შეგროვების სისტემა მობილურ მოწყობლობების საშუალებით,lead collection solution using mobile devices
269,GPIH Service,,TBC Solutions,Web Service,,,,,Cancelled,,"იყენებს GPI Holding-ი, გადაეცემა ხელშეკრულების ნომერი, აბრუნებს კლიენტის მონაცემებს, ასევე კლიენტის სადაზღვეო პოლისების ნომრებს",Used by GPI Holding. Service has single operation: input parameter is agreement id and returns the customer information together with Policy numbers
270,Chat Bot Shop,,TBC Solutions,Web App,,,,,Cancelled,,არ გაშვებულა,Not used
271,AlterSoft,,TBC Solutions,Web App,.Net,Front,Daily Operations,Yes,Active,Key,"ფრონტენდ სისტემა, სადაც კონცენტრირებულია რითეილ სეგმენტის კლიენტების მომსახურების ფუნქციონალი ერთიანი სისტემის ფარგლებში","Branch Frontend system for retail segment, contains different customer service operations in single system ","Branch FEs (Call Centre, Branch, Back Office)"
272,TBCAgile.ge,,TBC Solutions,Web App,.Net,Front,Ent Serv,No,Active,Normal,Agile-ის პოპულარიზაციისთვის განკუთვნილი ვებ პორტალი,Web portal intended for Agile popularization,"Branch FEs (Call Centre, Branch, Back Office)||HRM"
273,MSME Multichannel,,TBC Solutions,Web App,.Net,Front,Digital,No,Active,Critical,"MSME მულტიჩანელი (ინტ. ბანკი, მობაილ ბანკი)","MSME Multichannel system (Internet Banking, Mobile Banking)",Self Service Channels
274,Service Billing System,,TBC Solutions,Web Service,.Net,Master,Platforms,No,Active,Normal,აღრიცხავს გარე სერვისებზე მიმართვების რაოდენობას შიდა აპლიკაციების მიხედვით და ახორციელებს მათი მოხმარებისთვის დარიცხულ თანხებს,Manages number of requests to external services according to internal applications and calculates service fees,Others
275,Customer Device Management,,TBC Solutions,Web Service,.Net,Master,Platforms,No,Under Development,Critical,კლიენტის მოწყობილობების აღრიცხვის მოდული,Manages Customer Devices,Government & Regulatory||Customer Signing & Authorization||Op Rsiks & Security
276,DirectDebitRegistration,,AzRy,Web App,Java,Adapter,Payments,Yes,Under Development,Normal,"ინტერნეტიდან დაირექტ დებეტის რეგისტრაციის ვებ გვერდი ",DirectDebit Regsitration for customers from Internet,"Payments (FT, Bill Payments, Remittances)||Self Service Channels"
277,www.tbcbusiness.ge,,TBC Solutions,Web App,.Net,Front,MSME,No,Active,Normal,ვებ გვერდი სმი სეგმენტისთვის,Web Site for SME segment,Credit Product Origination||Self Service Channels||Others
278,TBC EXT,,TBC Solutions,DB App,.Net,Master,Ent Serv,Yes,Active,Normal,"აღრიცხავს თანამშრომლის მიერ განხორციელებული სატელოფონ საუბრების დროებს და ლიმიტებს, ახორციელებს გარკვეული სახის ინტეგრაციებს ჰრ სისტემასა და სხვა სისტემებს შორის","Manages emplloyee calls time and limit, makes some integration between hr system and other systems",HRM
279,BP ETL,,TBC Solutions,ETL,.Net,Adapter,CIB,Yes,Active,Normal,კომპანია BP-ს უგზავნის ბიზნეს ბარათების ტრანზაქციებს მათ ფორმატში,send business card transaction to BP company in custom format,Card Payments
280,Subscribtions,,TBC Solutions,App,.Net,Master,Daily Operations,No,Active,Critical,სატარიფო პაკეტების ახალი მოდული,New Product subscription system,"CASA||Term Deposits||Debit Cards||Credit Cards||Payments (FT, Bill Payments, Remittances)||Product Bundling & Pricing"
281,TBC Concept,,TBC Solutions,Web App,.Net,Front,Daily Operations,No,Under Development,Normal,თიბისი კონცეპტის ვებ გვერდი,Web Site for TBC Concept service,Others
282,CIBWeb,,TBC Solutions,App,.Net,Front,CIB,No,Under Development,Normal,კორპორატიული მენეჯერების ანალიტიკური სისტემა,Analitical system for coprorate managers,"CRM (Customer Relationship, Offering, Sales)"
283,Sigmatics,,TBC Solutions,App,.Net,Master,Risks,No,Under Development,Normal,კორპორატიული კლიენტების რეიტინგების და რისკ ჯგუფების აღრიცხვის სისტემა,Accounts corporate customer ratings and risk groups,Credit Product Origination
284,Bulk Importer,,Alta Software,App,.Net,Mediator,Platform Systems,No,Active,Normal,სისტემებში სხვდასხვა ოპერაციების ჯგუფურად ატვირთვის პლათფორმა,Enables to make batch changes in bank systems,Others
285,OB API Gateway,OpenAPI,TBC Solutions,App,.Net,Adapter,Platforms,No,Active,Normal,უზრუნველყოფს ბანკის სისტემებას და სხვა ფინანსურ ინსტიტუტების ოუფენ ბანკინგ სისტემებს შორის კავშირს,Enables connectivity between banking systems and other finnacial intitutions's open banking systems,Integration
286,TBCFrontX,TBCFrontX,TBC Solutions,App,.Net,Front,Daily Operations,No,Active,Key,ახორიცელებს სხვადასხვა ფრონტენდების ინკაფსულაციას ერთიან ფრონტალურ ფანჯარაში,Incapsulates bank different frontend systems and provides unified access to bank users,"Branch FEs (Call Centre, Branch, Back Office)"
287,Revelock (Buguroo),,Revelock,App,,Master,Digital,No,Active,Key,"ფროდის აღმოჩენისა და რეაგირების სისტემა ქცევითი ანალიზის საშუალებით.  ასევე წარმოადგენს პლათფორმას - ფიშინგის და მავნე პროგრამების (malware) აღმოჩენა პრევენციისათვის,  ასევე რევერსული ინჟინერიის წინააღმდეგ.","fraud detection and response platform based on behavior analysis, also banking malware detection and prevention,  Phishing prevention, Jailbreak/Root detection and prevention,, Code obfuscation and reverse engineering prevention",Op Rsiks & Security
288,Consent Management System,,TBC Solutions,App,.Net,Master,Platforms,No,Active,Normal,მომხმარებლის სხვადასხვა ტიპის თანხმობების ცენტრალიზებული აღრიცხვისა და მართვის მოდული,System which manages and centralises various type   consents gave by customer to the bank,Government & Regulatory||Op Rsiks & Security||Open Banking
289,MC Settlement,,TBC Solutions,App,.Net,Master,Payments,No,Under Development,Normal,Mastercard-თან ანგარიშსწორების მოდული,Module for Settlement to Mastercard,Debit Cards
290,Retail Multichannel,,TBC Solutions,Web App,.Net,Front,Digital,No,Active,Critical,"Retail მულტიჩანელი (ინტ. ბანკი, მობაილ ბანკი)","Retail Multichannel system (Internet Banking, Mobile Banking)",Self Service Channels
291,Tap2Phone,,SoftPos,Web App,,Master||Front,Payments,No,Active,Key,"სავაჭრო ობიექტში ბარათით გადახდის ფუნქციონალი ანდროიდ აპლიკაციის საშუალებით ","Merchant Card Payement functionality via Android App ","Debit Cards||Payments (FT, Bill Payments, Remittances)||Self Service Channels"
292,FMRS,,TBC Solutions,Web App,.Net,Master||Reporting,Ent Serv,No,Active,Normal,"საეჭვო ოპერაციების გამოვლენის მოდული. გამოიყენება ეროვნულ ბანკში საეჭვო ოპერაციების შესახებ ინფორმაციის გასაგზავნად ",Detects and sends information about doubtful operations to the FMS (Financial Monitoring Service),Compliance
293,RS.Transaction.Sender,,TBC Solutions,Web Service,.Net,Adapter,Daily Operations,No,Active,Normal,აგზავნის საბიუჯეტო გადარიცხვების ტრანზაციების ინფორმაციას შემოსავლების სამსახურში,send budget payment transactions to revenue service,"Government & Regulatory||Payments (FT, Bill Payments, Remittances)"
294,DBS Deposit,DBS,TBC Solutions,Web Service,.Net,Mediator,Digital,No,Active,Critical,დიჯიტალ ბანკინგის მედიატორული მოკროსერვისი დეპოზიტების დომენისთვის,Mediator Microservice for digital banking covering deposit domain,Term Deposits||Self Service Channels
295,DBS Open Banking,DBS,TBC Solutions,Web Service,.Net,Mediator,Digital,No,Active,Critical,დიჯიტალ ბანკინგის მედიატორული მოკროსერვისი ღია ბანკინგის დომენისთვის,Mediator Microservice for digital banking covering Open Banking domain,Self Service Channels
296,DBS Account,DBS,TBC Solutions,Web Service,.Net,Mediator,Digital,No,Active,Critical,დიჯიტალ ბანკინგის მედიატორული მოკროსერვისი ანგარიშების დომენისთვის,Mediator Microservice for digital banking covering Account domain,Self Service Channels
297,DBS Card,DBS,TBC Solutions,Web Service,.Net,Mediator,Digital,No,Active,Critical,დიჯიტალ ბანკინგის მედიატორული მოკროსერვისი ბარათების დომენისთვის,Mediator Microservice for digital banking covering Cards domain,Self Service Channels
298,DBS Loan,DBS,TBC Solutions,Web Service,.Net,Mediator,Digital,No,Active,Critical,დიჯიტალ ბანკინგის მედიატორული მოკროსერვისი სესხების დომენისთვის,Mediator Microservice for digital banking covering Loan domain,Self Service Channels
299,DBS Transfer,DBS,TBC Solutions,Web Service,.Net,Mediator,Digital,No,Active,Critical,დიჯიტალ ბანკინგის მედიატორული მოკროსერვისი გადარიცხვების დომენისთვის,Mediator Microservice for digital banking covering Transfer domain,Self Service Channels
300,DBS FX,DBS,TBC Solutions,Web Service,.Net,Mediator,Digital,No,Active,Critical,დიჯიტალ ბანკინგის მედიატორული მოკროსერვისი კონვერტაციების დომენისთვის,Mediator Microservice for digital banking covering FX domain,Self Service Channels
301,DBS SME Clients,DBS,TBC Solutions,Web Service,.Net,Mediator,Digital,No,Active,Critical,დიჯიტალ ბანკინგის მედიატორული მოკროსერვისი სმე/კორპორატიული კლიენტების დომენისთვის,Mediator Microservice for digital banking covering SME/Corporate Customer domain,Self Service Channels
302,DBS Retail Clients,DBS,TBC Solutions,Web Service,.Net,Mediator,Digital,No,Active,Critical,დიჯიტალ ბანკინგის მედიატორული მოკროსერვისი ფიზიკური კლიენტის დომენისთვის,Mediator Microservice for digital banking covering individual customer domain,Self Service Channels
303,DBS Loan Application,DBS,TBC Solutions,Web Service,.Net,Mediator,Digital,No,Active,Critical,დიჯიტალ ბანკინგის მედიატორული მოკროსერვისი საცალო სესხების განაცხადების დომენისთვის,Mediator Microservice for digital banking covering Retail Loan Appplication domain,Self Service Channels
304,DBS Pensions,DBS,TBC Solutions,Web Service,.Net,Mediator,Digital,No,Active,Key,დიჯიტალ ბანკინგის მედიატორული მოკროსერვისი საპენსიო ფონდის დომენისთვის,Mediator Microservice for digital banking covering Pension Fund domain,Self Service Channels
305,DBS Loyalty,DBS,TBC Solutions,Web Service,.Net,Mediator,Digital,No,Active,Critical,დიჯიტალ ბანკინგის მედიატორული მოკროსერვისი ლოიალურობის დომენისთვის,Mediator Microservice for digital banking covering Customer loyality domain,Self Service Channels
306,DBS Money Transfers,DBS,TBC Solutions,Web Service,.Net,Mediator,Digital,No,Active,Critical,დიჯიტალ ბანკინგის მედიატორული მოკროსერვისი ფულადი გზავნილების დომენისთვის,Mediator Microservice for digital banking covering Money Transfer domain,Self Service Channels
307,DBS CashOperation,DBS,TBC Solutions,Web Service,.Net,Mediator,Digital,No,Active,Critical,დიჯიტალ ბანკინგის მედიატორული მოკროსერვისი ნაღდი ფულის ოპერაციების დომენისთვის,Mediator Microservice for digital banking covering Cash Operation domain,Self Service Channels
308,DBS Device Management,DBS,TBC Solutions,Web Service,.Net,Mediator,Digital,No,Active,Critical,დიჯიტალ ბანკინგის მედიატორული მოკროსერვისი კლიენტის მოწყობილობების დომენისთვის,Mediator Microservice for digital banking covering Customer Device domain,Self Service Channels
309,DBS CRM,DBS,TBC Solutions,Web Service,.Net,Mediator,Digital,No,Active,Critical,დიჯიტალ ბანკინგის მედიატორული მოკროსერვისი CRM დომენისთვის,Mediator Microservice for digital banking covering CRM domain,Self Service Channels
310,FBS Transfer,FBS,TBC Solutions,Web Service,.Net,Mediator,Daily Operations,No,Active,Key," თანამშრომლების სამომხმარებლო ფრონტენდების მედიატორული მოკროსერვისი გადრიცხვების დომენისთვის",Mediadot Microservice for Branch Frontends Covering Transfer Domain,"Branch FEs (Call Centre, Branch, Back Office)"
311,FBS Cashout,FBS,TBC Solutions,Web Service,.Net,Mediator,Daily Operations,No,Active,Key," თანამშრომლების სამომხმარებლო ფრონტენდების მედიატორული მოკროსერვისი თანხის გატანის დომენისთვის",Mediadot Microservice for Branch Frontends Covering Cash Out Domain,"Branch FEs (Call Centre, Branch, Back Office)"
312,FBS CashIn,FBS,TBC Solutions,Web Service,.Net,Mediator,Daily Operations,No,Active,Key," თანამშრომლების სამომხმარებლო ფრონტენდების მედიატორული მოკროსერვისი თანხის შეტანის დომენისთვის",Mediadot Microservice for Branch Frontends Covering Cash In Domain,"Branch FEs (Call Centre, Branch, Back Office)"
313,FBS Digital Operation Info,FBS,TBC Solutions,Web Service,.Net,Mediator,Digital,No,Active,Key," თანამშრომლების სამომხმარებლო ფრონტენდების მედიატორული მოკროსერვისი დიჯიტალ ოპერაციების დომენისთვის",Mediadot Microservice for Branch Frontends Covering Digital Operation Domain,"Branch FEs (Call Centre, Branch, Back Office)"
314,Import-Export,B6,Alta Software,Web Service,Delphi,Master||Front,Platform Systems,No,Active,Critical,გადარიცხვების იმპორტ-ექსპორტი B6-დან Swift-ში და ეროვნული ბანკის გადარიცხვების სისტემაში,Transfers import-export from B6 to Swift and NBG Transfer system
315,Incasso-sequestration module,B6,Alta Software,Web Service,.Net,Master,Platform Systems,No,Active,Critical,ინკასოების და ყადაღების მართვის მოდული,Incasso-sequestration module
316,TerroristsService,B6,Alta Software,Web Service,.Net,Master,Platform Systems,No,Active,Critical,ტერირისტების აღრიცხვის სერვისი,Terrorist accounting system,Compliance
317,Alta Billing Module,B6,Alta Software,Web Service,.Net,Master,Platform Systems,No,Active,Key,საკომისიოების ბილინგის მოდული,Commission payment billing module,Debt Management
318,Alta Commissions Module,B6,Alta Software,Web Service,.Net,Master,Platform Systems,No,Active,Key,საკომისიობის დარიცხვის მოდული,Commission Accounting moudle,Product Bundling & Pricing
319,ApmaService,LMS,Alta Software,Web Service,.Net,Adapter,Platform Systems,No,Active,Key,Apma პროგრამით სესხების გაცემის საინტეგრეაციო სისტემა,Integration system for Apma Loan approval and monitoring,Integration
320,Transfers,B7,Alta Software,Web Service,.Net,Master,Platform Systems,No,Active,Critical,გადარიცხვების დამუშავების მიკროსერვის,Transfers Processing Microservice,"Payments (FT, Bill Payments, Remittances)"
321,BM Core,B7,Alta Software,Web Service,.Net,Master,Platform Systems,No,Active,Critical,ანგარიშებზე ხელმისაწვდომი ნაშთების და ტრანზაქციული ბლოკების აღრიცხვის მოდული,Account Available  balance and Transaction block accounting system,CASA||Debit Cards
322,CTA,B7,Alta Software,Web Service,.Net,Master,Platform Systems,No,Active,Critical,ბარათების ტრანზაქციების ონლაინ პროცეისნგის სისტემა,Onlaine Card Transaction Processing system,Debit Cards||Credit Cards||Card Payments
323,FX,B7,Alta Software,Web Service,.Net,Master,Platform Systems,No,Active,Critical,კონვერტაციების დამუშავების მიკროსერვისი,FX Processing Microservice
324,FrontX Transfer,TBCFrontX,TBC Solutions,Web Service,.Net,Front,Daily Operations,No,Active,Critical,"გადარიცხვების მიკროფრონტენდი ფილიალის თანამშრომლებისთვის ",Tranfer Microfrontend for Branch,"Branch FEs (Call Centre, Branch, Back Office)"
325,FrontX Cashin,TBCFrontX,TBC Solutions,Web Service,.Net,Front,Daily Operations,No,Active,Critical,"თანხის შეტანის მიკროფრონტენდი ფილიალის თანამშრომლებისთვის ",Cashin Microfrontend for Branch,"Branch FEs (Call Centre, Branch, Back Office)"
326,FrontX Cashout,TBCFrontX,TBC Solutions,Web Service,.Net,Front,Daily Operations,No,Active,Critical,"თანხის გასავლის მიკროფრონტენდი ფილიალის თანამშრომლებისთვის ",Cashout  Microfrontend for Branch,"Branch FEs (Call Centre, Branch, Back Office)"
327,FrontX Digital Operations,TBCFrontX,TBC Solutions,Web Service,.Net,Front,Digital,No,Under Development,Critical,"დიჯიტალ ოპერციების მიკროფრონტენდი ფილიალის თანამშრომლებისთვის ",Digital Operation Microfrontend for Branch,"Branch FEs (Call Centre, Branch, Back Office)"
328,Big Data,Big Data,TBC Solutions,DB App,,Reporting,Platforms,No,Active,Critical,BigData პლათფორმა,Big Data Platform,DW & Analytics
329,Feature Store,,TBC Solutions,App,,Reporting,Platforms,No,Active,Normal," მონაცემთა საცავი ონლაინ ანალიტიკური ამოცანებისთვის, რომლის ძირითადი მიზანია უფრო ფართო MLOps პროცესის ფარგლებში დაასტანდარტიზიროს და გაამარტივოს ურთიერთობა მონაცემთა ინჟინრებს, მონაცემთა მეცნიერებსა და იმ software დეველოპერებს შორის, რომლებიც ანალიტიკურ ","Data Storage system for analytical tasks, aimed to make easear interaction between data scientists, data engineers and software developers within MLOps scope in order to integrate analytical system with bank operational systems",DW & Analytics
330,Transaction Categorization Engine,,TBC Solutions,Web Service,.Net,Master,Digital,No,Active,Normal,ახდენს კლიენტის ტრანზაქციების კატეგორიზაციას,makes Customer Transaction Categorization,Others
331,DBS PFM,DBS,TBC Solutions,Web Service,.Net,Mediator,Digital,No,Active,Normal,დიჯიტალ ბანკინგის მედიატორული მოკროსერვისი ტრანზაქციების კატეგორიზაციის დომენისთვის,Mediator Microservice for digital banking covering Transfer Categorization Domain,Self Service Channels
332,LOS CIB,LOS,FICO,Web App,Outsystems,Master||Mediator||Front,CIB,No,Active,Critical,"სესხის განაცხადების დამუშავების სისტემა კორპორატიული სეგმენტისთვის ",Loan Application approval system for Corporate Segment,"Credit Product Origination||Branch FEs (Call Centre, Branch, Back Office)"
333,OmniPCX Enterprise(OXE),Call Center,Alcatel-Lucent,App,,Master,Daily Operations,No,Active,Critical,"საკომუნიკაციო სერვერის პლათფორმაზე შექმნილი პროგრამული უზრუნველყოფა, რომელიც უზრუნველყოფს მულტიმედიური ზარების დამუშავებას.",Enables Multimedia calls processing,"Branch FEs (Call Centre, Branch, Back Office)"
334,OTCS,Call Center,Altitude,App,,Master,Daily Operations,No,Active,Critical," წარმოადგენს OXE-ს დამხმარე სისტემას, რომელიც ახდენს კამპანიების მართვას, IVR-ის ფუნქციონალი და ინტეგრაციები სხვა სისტემებთან.","Manages Call Campaigns, Provides IVR functionality and integration with other systems","Branch FEs (Call Centre, Branch, Back Office)"
335,Work Force Optimization,Call Center,Verint,App,,Master,Daily Operations,No,Active,Critical,"წარმოადგენს  სისტემას, რომელიც უზრუნველყოფს სატელეფონო საუბრების შენახვაა, ხმის ბიომეტრიის შენახვას, ხმით ვერიფიკაციას","Stores Call audio records, customer voice biometrics and provides voice verification functionality","Branch FEs (Call Centre, Branch, Back Office)"
336,B6 Front,B6,Alta Software,Web Service,Delphi,Front,Platform Systems,No,Active,Critical,B6-ის Front - ის ნაწილი,Frontend part of B6,"Branch FEs (Call Centre, Branch, Back Office)"
337,Deposits,B6,Alta Software,Web Service,Delphi,Master,Platform Systems,No,Active,Critical,"ანაბრების მართვის სისტემა (ვადიანი ანაბრები, სადეპოზიტო სერტიფიკატები, ანაბარზე დაგროვების ფუნქციონალი - ქისა)","Deposits Management Module (Term Deposist, Certificat of Deposist, Deposit Purse)",Term Deposits
338,Cash Desks,B6,Alta Software,Web Service,Delphi,Master,Platform Systems,No,Active,Critical,ქეშ დესკი მოლარეების მოდული,Cash desk and cashiers module,"Branch FEs (Call Centre, Branch, Back Office)||Cash Management"
339,Standing Orders,B6,Alta Software,Web Service,Delphi,Master,Platform Systems,No,Active,Normal,სთენდინგ ორდერების ფუნქციონალი,Standing Orders module,"Payments (FT, Bill Payments, Remittances)"
340,DEA,B6,Alta Software,Web Service,.Net,Adapter,Platform Systems,No,Active,Normal,მონაცემთა გაცვლის სააგენტოსთან საინტეგრაციო სერვისი,Integration module with Data Exchange Agency,Integration
341,NBE,B6,Alta Software,Web Service,.Net,Adapter,Platform Systems,No,Active,Normal,აღსრულების ეროვნულ ბიუროსთან საინტეგრაციო მოდული,Integration module with National Bureau of Enforcement,Integration
342,PG,LMS,Alta Software,Web Service,.Net,Adapter,Platform Systems,No,Active,Normal,აწარმოე საქართველოსთან საინტეგრაციო სერვისი (სეხების შესახებ ინფორმაციის გაცვლა),Integration module with Produce in Georgia,Credit Product Origination||Loans||Integration
343,KYC,B6,Alta Software,Web Service,.Net,Master,Platform Systems,No,Active,Normal,KYC მოდული,Know Your Customer module,CIF||Compliance
344,CIF,B7,Alta Software,Web Service,.Net,Master,Platform Systems,No,Active,Critical,კლიენტის ცენტრი,Client Information File,CIF
345,tbc.ge (BSC),,BSC,Web App,HTML,Front,Digital Comms CoE,Yes,Active,Normal,თიბისი ბანკის საიტი,TBC Bank Web Site,Others
346,LOS Core,LOS,FICO,Web App,Outsystems,Master||Mediator,Platform Systems,No,Under Development,Critical,საკრედიტო პროდუქტების ინიცირების (origination) სისტემის ძირითადი (Core) ფუნქციონალი,Core Functional of the Loans origination system,Credit Product Origination
347,CBS.Customer.GraphicData,B6,TBC Solutions,Web Service,.Net,Adapter,Platform Systems,No,Active,Critical,კლიენტის გრაფიკული ინფორმაციის ადაპტერ სისტემა,Adapter system for Cusomer Graphic data,CIF
348,LMS.Loan,LMS,TBC Solutions,Web Service,.Net,Adapter,Platform Systems,No,Active,Critical,სესხების ადაპტერ სისტემა,Loan Adapter System,Loans
349,CBS.Catalog,B6,TBC Solutions,Web Service,.Net,Adapter,Platform Systems,No,Active,Critical,ქორ სისტემის კატალოგების ადაპტერ სისტემა,Adapter system for Core Dictionary Info
350,CBS.Account,B6,TBC Solutions,Web Service,.Net,Adapter,Platform Systems,No,Active,Critical,ქორ სისტემის ანგარიშების ადაპტერ სისტემა,Adapter system for Core Account  Info,CASA
351,CBS.Customer,B6,TBC Solutions,Web Service,.Net,Adapter,Platform Systems,No,Active,Critical,ქორ სისტემის კლიენტების ადაპტერ სისტემა,Adapter system for Core Customer  Info,CIF
352,Cards2011.Cards,B6,TBC Solutions,Web Service,.Net,Adapter,Platform Systems,No,Active,Critical,ქორ სისტემის ბარათების განაცხადების ადაპტერ სისტემა,Adapter system for Core Card origination Info,Debit Cards||Credit Cards
353,B7.Querying.CardOriginations.Api,B6,TBC Solutions,Web Service,.Net,Adapter,Platform Systems,No,Active,Critical,ქორ სისტემის ბარათების განაცხადების ადაპტერ სისტემა,Adapter system for Core Card origination Info,Debit Cards||Credit Cards
354,Treasure Pricing System,,TBC Solutions,Web App,.Net,Master,Ent Serv,No,Under Development,Critical,სახაზინო პროდუქტების ფასდადების სისტემა,Pricing for Treasury Products,Treasury
355,Flite,,Deloitte,Web App,R,Master||Reporting,Risks,No,Active,Normal,რეზერვების კალკულაციის ენჯინი (IFRS9-ის შესაბამისი მოდელით),Provisioning calculation engine according to IFRS9 model,DW & Analytics
356,DBS Investments,DBS,TBC Solutions,Web Service,.Net,Mediator,Digital,No,Active,Critical,დიჯიტალ ბანკინგის მედიატორული მოკროსერვისი საინვესტიციო პროდუქტებისთვის,Mediator Microservice for digital banking covering investment products,Self Service Channels
357,Treasury,,TBC Solutions,Web App,.Net,Master||Front,Ent Serv,No,Active,Normal,სახაზინო პროდუქტების  მართვის სისტემა (აღრიცხავს ფასიანი ქაღალდებს),Treasury products master system (covering securities),Treasury
358,HRESignature,,TBC Solutions,Web App,.Net,Master||Front,Ent Serv,No,Active,Normal,ელექტრონული შრომითი ხელშეკრულებების  მართვის სისტემა,Digital Labor contracts management system,Treasury||HRM
359,Digipass Code Verification,,TBC Solutions,Web Service,.Net,Mediator,Digital,Yes,Active,Critical,დიჯიპასით ვერიფიკაციის სერვისი,Verification using Digipass,Op Rsiks & Security
360,Customer Experience Adapter,Customer Experience,TBC Solutions,Web Service,.Net,Mediator,Daily Operations,Yes,Active,Normal,კლიენტების  სერვისების შესახებ გამოკითხვის სისტემის ადაპტერ სუსტემა,adapter system for Customer Experience managments system,Others
361,CX Platform,Customer Experience,Medalia,Web Service,.Net,Mediator,Daily Operations,Yes,Active,Normal,კლიენტების  სერვისების შესახებ გამოკითხვის სისტემა,Customer Experience managments system,Others
